Bond_id,Coupon,Yield
1,2.853,2.8328
2,2.75,2.9605
3,4.625,4.5983
4,5,4.9705
5,5,4.97
6,2.75,2.9382
7,2.044,2.2738
8,2.719,2.8782
9,4.875,4.703
10,5.125,4.9707
11,1.625,2.065
12,7.75,2.486
13,7.75,2.486
14,3.95,3.95
15,3.95,3.9496
16,2.875,3.1938
17,3.115,3.288
18,4.125,4.0867
19,4.125,4.087
20,3.966,4.203
21,10.5,9.726
22,4.625,4.4782
23,4.625,4.478
24,5.875,5.139
25,5.875,5.1392
26,3.375,2.884
27,6.5,4.2404
28,2.852,2.7722
29,4,4.0746
30,4,4.105
31,5.875,6.9744
32,5.875,6.974
33,4,3.8667
34,5.25,4.4666
35,5.25,4.467
36,0.5,0.52
37,3.154,2.8262
37,3.154,2.8262
38,3.121,2.8563
39,4.125,4.2798
40,4.125,4.28
41,3,3.0146
42,3.099,2.843
43,2.4,2.4336
44,6.25,5.1833
45,6.25,5.183
46,4.75,4.3832
47,4.75,4.384
48,7.5,6.1108
49,7.5,6.111
50,7.25,6.1531
51,7.25,6.153
52,4.75,3.162
53,3.468,2.958
54,4.25,3.5744
55,4.25,3.574
56,2.3,2.3208
57,3.625,3.5021
58,3.625,3.502
59,3,2.743
60,3.125,3.2111
61,3.75,.
62,2.8,2.7398
63,8.25,6.3187
64,8.25,6.319
65,6,6.1631
66,6,6.163
67,1.208,1.6325
68,2.719,2.8508
69,3.875,3.7763
70,7,6.795
71,3.875,4.074
72,2.498,2.6549
73,2.632,2.8119
74,2.5,2.8079
75,4.2,3.2361
76,7,3.233
77,7,2.1493
78,7.1,2.1493
79,7.2,1.8609
80,3.129,3.0786
81,4.5,4.499
82,4.5,4.499
83,5.5,4.1553
84,5.5,4.155
85,2.888,2.643
86,4,3.3588
87,4,3.359
88,4.25,3.8439
89,2.095,2.243
90,3.205,3.0039
91,1.65,1.8609
92,3.327,2.9618
93,3.477,2.9887
94,2.68,2.9076
95,4.75,4.331
96,4.75,4.331
97,7.875,4.1958
98,7.875,4.196
99,1.75,1.8155
100,4.75,4.2088
101,4.75,4.209
102,7.25,5.049
103,2,2.4052
104,4.5,3.75
105,4.75,4.078
106,2.547,2.7727
107,3.5,3.6355
108,3.5,3.635
109,2.928,3.0038
110,5.5,4.93
111,4,3.557
112,1.651,2.0364
113,2.256,2.675
114,2.606,2.894
115,4.75,4.0423
116,4.75,3.973
117,4.625,2.942
118,3.414,3.3989
119,2.667,2.958
120,3.15,2.8499
121,2.328,2.8927
122,2,2.7122
123,4.75,4.0214
124,5.75,3.9783
125,5.75,3.967
126,1.7,.
127,6.125,4.4291
128,6.125,4.429
129,0.947,1.3556
130,2.345,2.8016
131,3.215,2.993
132,2.803,2.9063
133,8.5,4.4
134,8.5,4.4
135,5.25,3.173
136,5.7,3.053
137,9.75,7.1218
138,9.75,7.12
139,6.25,3.3662
140,6.25,3.366
141,2.585,2.8042
142,2.894,2.833
143,5.5,3.1477
144,5.5,3.146
145,1.75,2.285
146,2.415,2.6351
147,8.25,3.1128
148,3.375,2.3735
149,1.637,1.947
150,5.7,4.0844
151,3.224,2.9425
152,10.75,6.2801
153,10.75,6.274
154,1.289,1.228
155,3.173,2.9102
156,1.7,1.9044
157,2.65,2.7461
158,2.64,2.5858
159,1.914,1.917
160,2.757,2.633
161,2.55,2.1891
162,3.665,2.9571
163,3.875,2.5143
164,3.949,3.253
165,2.294,2.6123
166,2.211,2.0327
167,3.922,2.1436
168,4.375,3.351
169,4.375,3.3511
170,4.7,1.7705
171,4.8,2.5703
172,5.45,3.6161
173,6.6,3.2122
174,3.31,2.0862
175,8.5,3.9149
176,5,3.0753
177,4.125,2.7867
178,7.25,4.9108
179,2.761,2.6649
180,1.972,1.937
181,2.598,2.723
182,2.5,2.3752
183,3.55,3.1032
184,3.112,2.9374
185,3.112,2.937
186,3.1,2.4208
187,4.875,4.002
188,4.875,4.002
189,5,4.1831
190,5,4.183
191,3.5,2.5324
192,3.05,3.1547
193,4.287,4.0075
194,4.5,3.75
195,4.75,4.078
196,2.805,2.6917
197,10.5,9.775
198,9.375,6.4734
199,9.375,6.469
200,8,6.715
201,3.452,3.2521
202,3.226,3.193
203,2.42,2.2164
204,6.625,4.0089
205,6.625,4.004
206,3.301,3.073
207,3.626,3.0831
208,3.162,2.765
209,3.85,2.7706
210,3.378,2.9281
211,3.434,2.8847
212,4.625,4.1155
213,4.625,4.115
214,4,.
215,4,3.333
216,6.15,2.7507
217,6.55,2.4468
218,6.75,3.0869
219,6.9,3.0869
220,7.125,1.8511
221,7.28,1.8511
222,7.3,1.8511
223,7.43,1.4888
224,7.625,1.9595
225,7.75,3.2027
226,7.85,3.0869
227,8.15,2.8219
228,8.45,2.8892
229,5.875,3.6897
230,3.806,3.0995
231,2.95,2.0523
232,4.8,3.5344
233,2.45,1.8589
234,3.477,2.9663
235,3.914,3.1096
236,3.487,2.8571
237,4.875,4.4942
238,4.875,4.494
239,5,-8.6795
240,4.5,3.039
241,4.5,3.039
242,4.625,2.942
243,3.474,2.624
244,5.75,4.1474
245,5.75,4.147
246,5,3.1533
247,5,3.152
248,2.375,1.662
249,5,3.3424
250,5,3.338
251,3.372,2.9343
252,7.5,3.1567
253,7.5,3.146
254,8.625,4.7037
255,8.625,4.704
256,2.8,2.0859
257,1.153,1.326
258,5.375,3.961
259,5.375,3.961
260,5.125,2.4567
261,5.125,2.457
262,4.75,3.113
263,4.75,3.113
264,4,2.6867
265,5.35,3.776
266,5.375,3.776
267,6.1,3.7319
268,6.2,3.666
269,6.25,3.576
270,6.5,3.577
271,6.625,2.497
272,7.625,3.047
273,7.7,2.837
274,3.875,2.8463
275,3.875,2.818
276,5.75,2.0294
277,5.875,4.2626
278,5.875,4.263
279,3.9,2.2774
280,6.25,3.4143
281,6.25,3.414
282,3.95,3.0176
283,3.95,3.021
284,3.089,2.017
285,6.5,3.2284
286,6.5,3.206
287,4.65,3.4142
288,6.375,2.3456
289,4.55,2.3749
290,3.875,2.5385
291,6.875,2.7173
292,9.75,5.9044
293,9.75,5.911
294,3.825,3.91
295,5.625,3.4377
296,5.625,3.387
297,6.2,4.5409
298,6.5,4.134
299,4.461,3.0793
300,5.5,2.5491
301,4.302,1.8026
302,5.246,3.4212
303,5.3,3.9158
304,6.625,1.8557
305,4.75,2.0937
306,6.55,2.547
307,6.55,3.217
308,6.875,3.027
309,7.125,2.847
310,7.875,2.797
311,8.75,2.787
312,8.75,2.957
313,4.65,2.4919
314,5.85,3.7431
315,3.45,2.4248
316,3.85,3.7167
317,4.341,2.1688
318,5.325,2.9065
319,4.813,3.1068
320,6.694,3.6446
321,6.5,1.2507
322,6.875,5.4047
323,6.875,5.405
324,6.375,3.5631
325,4.061,2.873
326,5.1,3.9596
327,4.924,3.246
328,4.7,3.9857
329,4.399,3.1517
330,4.131,2.8088
331,5,1.7379
332,4.375,2.9225
342,7.875,3.567
343,4.55,2.1498
344,4.625,3.337
345,6.7,1.9434
346,4.4,3.0134
347,4.55,2.9547
348,3.695,1.9243
349,4.091,3.0225
350,4,2.7275
351,4.125,2.0671
352,3.25,2.4305
353,3.55,3.4993
354,3.625,3.7093
355,4.55,3.6335
356,4.79,2.9605
357,4.94,3.863
358,4.65,3.4255
359,3.95,1.7728
360,3.93,2.9613
361,3.777,2.0269
362,4.089,2.991
363,4.2,3.6254
364,3.765,2.8144
365,3.555,1.9135
366,3.981,3.2042
367,4.25,3.552
368,3.948,2.923
369,5.125,2.7297
370,3.567,2.773
371,3.45,2.0185
372,3.25,1.9608
373,3.8,2.0196
374,3.5,2.0338
375,4.75,6.9923
376,3.662,2.6995
377,3.812,1.518
378,3.391,2.0692
379,5.125,2.7732
380,3.375,2.0457
381,4.2,3.1432
382,4.6,3.411
383,4.6,3.4114
384,4.4,3.3866
385,3.15,1.7446
386,4.3,2.9611
387,4.172,3.1916
388,6.125,4.3791
389,5.375,2.9009
390,6.125,12.1462
391,3.5,1.8653
392,4.005,3.143
393,5.25,3.4851
394,3.15,1.499
395,4.9,1.7313
396,3.45,1.7152
397,5.25,2.4847
398,3.95,2.8102
399,3.9,2.7914
400,3.859,2.7934
401,3.84,2.5851
402,4,3.3398
403,3.65,1.6717
404,3.25,1.443
405,2.8,2.0328
406,3.65,3.7806
407,4,3.0951
408,3.85,1.9333
409,4.115,2.5883
410,4.342,3.0004
411,4.5,3.177
412,5.875,3.097
413,6.625,2.957
414,4.5,2.8769
415,3,1.6959
416,4.158,3.413
417,3.199,2.596
418,3.299,2.6923
419,3.7,3.0688
420,4.125,3.4077
421,4.125,3.454
422,3.479,2.8702
423,3.45,1.7569
424,2.746,1.4347
425,3.05,1.4203
426,4.9,4.89
427,4.283,3.403
428,2.911,1.8209
429,4.5,3.2145
430,3,1.2875
431,3.375,2.8303
432,3.35,2.9857
433,3.545,2.845
434,3.563,2.6244
435,4.063,2.88
436,4.763,3.353
437,4.65,3.5081
438,4.781,3.403
439,3.474,2.693
440,6.35,3.716
441,4.128,2.8994
442,7,4.4638
443,8.125,4.4475
444,4.1,2.943
445,4.5,2.52
446,4.75,2.8479
447,4.375,3.5154
448,4.077,2.693
449,4.982,4.6212
450,4.625,4.1206
451,4.868,2.8893
452,5.433,3.373
453,4.2,2.6449
454,4.375,3.093
455,4.3,3.221
456,5.25,3.5984
457,5.5,3.4018
458,4.9,2.8434
459,3.688,2.646
460,3.868,2.813
461,4.33,2.863
462,3.79,3.453
463,4.875,3.6229
464,3.574,2.676
465,3.774,2.793
466,4.142,2.928
467,4.25,3.274
468,4.321,3.043
469,4.7,3.2677
470,3.875,2.894
471,4.305,3.0281
472,4.8,4.8251
473,3.9,2.635
474,3.3,3.3367
475,3.5,3.6812
476,3.753,2.633
477,4.5,3.5527
478,4.25,3.193
479,3.4,2.6581
480,4.117,3.073
481,4.5,3.726
482,4.784,3.0014
483,5.45,3.6687
484,4.5,3.6233
485,4.5,2.9223
486,5.65,3.1358
487,5.267,3.587
488,5.25,3.9245
489,4.55,2.8672
490,4.25,3.391
491,4.85,3.4936
492,4.411,2.068
493,4.15,3.2535
494,4.3,2.8236
495,4.915,6.0464
496,3.875,2.8431
497,5.1,3.7224
498,4.3,2.6705
499,5.746,3.0985
500,5.05,3.227
501,5.25,3.5383
502,4.883,3.3536
503,5.2,3.4767
504,4.625,3.1913
505,4.821,3.288
506,4.704,3.5158
507,4.704,3.517
508,4.875,2.8345
509,6.75,6.2957
510,5.35,4.5956
511,4.75,3.2884
512,4.75,2.7167
513,6.15,3.2176
514,5,3.4562
515,6.875,4.6143
516,5.95,5.5577
517,4.8,3.4115
518,5.75,3.0367
519,5.2,3.0341
520,5.623,2.9788
521,4.626,3.143
522,4.5,2.9236
523,3.7,2.9352
524,4.151,1.306
525,3.563,2.666
526,3.529,1.847
527,3.619,2.396
528,3.75,2.8173
529,4.75,3.883
530,5.136,3.7952
531,4.371,2.7086
532,4,2.7394
533,4,3.0055
534,4.741,3.313
535,4.25,3.4233
536,5.15,3.4268
537,4.363,2.886
538,4.6,3.526
539,4.083,2.713
540,4.366,3.3467
541,4.65,3.7126
542,4.5,3.1551
543,3.75,2.991
544,4,3.1352
545,5.875,4.8213
546,4.7,3.3576
547,4.7,3.358
548,4.75,4.373
549,4.1,3.1903
550,4.1,3.19
551,4.5,3.2529
552,4.8,3.3376
553,3.774,2.7194
554,4.4,3.6662
555,6.25,6.062
556,4.428,3.051
557,3.8,3.3515
558,3.7,2.9357
559,4.693,3.473
560,3.76,2.806
561,4.3,3.225
562,3.72,2.696
563,4.95,3.6653
564,4.626,2.776
565,5.375,3.5175
566,3.827,2.796
567,5,3.2049
568,4.013,2.676
569,5.017,3.013
570,4.198,2.743
571,4.5,3.383
572,4.4,3.0956
573,4.7,3.0956
574,4.683,1.276
575,5.1,3.286
576,4.7,3.183
577,5.125,3.3998
578,5.45,4.0693
579,5.95,4.0578
580,4.875,3.614
581,4.85,2.9935
582,5.2,2.936
583,4.95,2.9154
584,4.375,2.944
585,5.25,3.213
586,4.75,3.1144
587,5.72,2.9587
588,5.95,3.8353
589,4.85,2.7464
590,5.75,3.6177
591,5.765,2.943
592,6,3.4973
593,6,3.419
594,5.375,3.3276
595,5.95,2.895
596,6.15,3.1309
597,5,3.949
598,5.5,3.3974
599,4.875,2.466
600,5.05,3.0314
601,4.875,2.7735
602,5.7,2.8793
603,4.9,2.5831
604,5.9,3.5235
605,6.2,4.0685
606,6.25,5.5622
607,5.4,3.9801
608,5.8,3.4399
609,4.875,3.0519
610,5.4,3.2213
611,4.875,2.673
612,5.9,.
613,5.42,2.0571
614,5.8,3.2598
615,5.55,3.0181
616,6.4,2.8212
617,6.5,3.523
618,6.375,3.4942
619,7.375,3.2681
620,6.75,5.8697
621,5.5,3.2987
622,5.75,3.793
623,6.125,3.2806
624,5.75,3.1948
625,5.25,2.8535
626,5.85,2.9198
627,6.55,2.8409
628,6,3.419
629,6.125,2.9634
630,7.35,3.836
631,6.625,3.6705
632,6.5,3.0173
633,5.95,2.8059
634,5.875,2.996
635,10.2,4.342
636,6.4,3.1962
637,5.7,3.0792
638,7.45,3.392
639,9.95,4.296
640,8.95,3.686
641,7,4.023
642,6.95,3.8576
643,6.95,3.858
644,8.15,3.3574
645,8.7,3.5708
646,6.9,3.3159
647,6.875,3.7003
648,6.25,3.2409
649,6.4,3.576
650,6.4,2.7939
651,6.125,3.07
652,6.9,3.206
653,7.7,3.4274
654,6.6,3.4624
655,6.4,3.386
656,5.625,2.436
657,6.875,3.7003
658,6.45,3.263
659,7.15,3.7573
660,6.25,3.1109
661,7,5.9016
662,6.25,3.0639
663,6.158,4.483
664,6.55,3.3199
665,6.875,4.388
666,6.45,3.4999
667,6.165,4.243
668,6.875,4.4539
669,6.625,3.2079
670,6.65,3.2998
671,6.5,3.606
672,6.45,3.6015
673,7,3.7003
674,7.5,3.1276
675,7.6,5.2486
676,6.259,3.083
677,7,3.6441
678,6.95,3.6371
679,6.65,5.9789
680,6,2.7108
681,6.25,3.5888
682,6.625,3.623
683,6.625,3.4906
684,6.25,3.336
685,6.85,3.413
686,5.375,2.315
687,6.45,3.5506
688,6.45,3.551
689,5.875,2.7075
690,6.55,3.417
691,5.75,2.6951
692,5.78,3.387
693,5.8,3.1857
694,5.572,4.283
695,5.611,4.543
696,6.125,3.4579
697,6.15,3.0463
698,6.2,2.7743
699,0.60475,1.594
700,7.25,2.3791
701,6.8,3.807
702,5.75,3.1695
703,5.875,4.0772
704,7,3.4881
705,5.375,2.9758
706,5.5,2.9038
707,5.343,3.863
708,5.3,2.4539
709,5.383,4.887
710,6.086,3.017
711,5.64,2.3746
712,5.95,2.6632
713,6,4.21
714,5.27,3.633
715,6,3.2578
716,6.3,3.7832
717,6.15,3.207
718,6.5,2.4531
719,7.875,3.833
720,6.45,3.2082
721,6.193,3.236
722,6.25,2.8396
723,6,3.1282
724,6.125,3.0079
725,6.125,3.008
726,6.125,3.5574
727,5.5,2.1117
728,5.5,3.2774
729,7.5,3.2443
730,5.937,4.156
731,5.937,4.156
732,5.75,2.7752
733,5.95,3.617
734,5.375,2.9395
735,6.95,5.0298
736,6,3.1037
737,7.75,2.4738
738,5.25,1.679
739,6,3.928
740,7.125,3.3073
741,5.95,2.9779
742,6.35,2.2963
743,5.935,2.357
744,5.625,2.431
745,6.5,3.0169
746,6,2.3009
747,8.75,3.707
748,6.5,3.9221
749,7.75,3.377
750,7.875,3.0586
751,6.5,3.9754
752,6.95,3.1842
753,5.875,1.972
754,9,2.776
755,6,3.8642
756,6.5,2.658
757,7,2.3307
758,7.75,2.486
759,6.8,2.9779
760,9.5,3.4899
761,7.3,2.5157
762,7.5,2.777
763,7.125,2.209
764,7,2.567
765,7.25,2.6146
766,7.95,2.817
767,7.25,4.6912
768,6.8,2.9779
769,7.55,2.6902
770,8.25,2.4882
771,7.95,2.3769
772,2.85,0.998
773,8.1,2.2587
774,6.25,1.45
775,8.5,6.219
776,8.5,2.297
777,8.375,5.408
778,7.7,2.3981
779,2,1.999
780,8,2.5076
781,6.95,1.694
782,6.5,2.4138
783,7.75,2.7023
784,6.625,2.207
785,6.625,4.7116
786,6.75,2.3708
787,6.85,2.417
788,7.125,2.0584
789,6.375,3.8719
790,7,4.127
791,6.8,2.2718
792,5.95,1.8067
793,7.7,3.0826
794,6.55,2.0475
795,7.125,3.797
796,6.7,2.6096
797,6.7,1.8301
798,6.8,2.6899
799,6.5,2.3096
800,6.625,2.237
800,6.625,2.237
801,6.6,3.0011
802,7,2.1286
803,6.375,2.5392
804,6.625,3.8153
805,6.9,2.6378
806,6.625,3.027
807,7.05,2.6205
808,6.45,1.6347
809,6.625,2.0941
810,6.65,2.4263
811,8.9,4.4776
812,9.98,5.7073
813,7.25,2.2092
814,6.875,2.9446
815,7.1,2.3596
816,6.94,2.377
817,7,4.4312
818,6.95,4.1174
819,5.65,3.9751
820,7.125,1.9851
821,6.4,2.1311
822,7.125,1.8438
823,6.625,3.9938
824,6.375,1.6878
825,6.65,2.4628
826,6.65,2.463
827,6.875,2.2438
828,7.125,2.1006
829,7.62,2.3778
830,6.75,2.8111
831,7.3,2.6706
832,5.2,3.567
833,6.7,1.8714
834,6.5,2.4003
835,6.5,1.7274
836,6.375,1.7946
837,6.375,2.1178
838,6.75,1.6587
839,6.75,2.4003
840,6.75,1.8363
841,6.95,3.763
842,6.875,1.6301
843,7.5,3.248
844,7.125,2.5988
845,7.5,4.53
846,5.22,4.8733
847,7.25,4.1791
848,7.45,4.056
849,7.65,1.7885
850,7.2,1.6333
851,7.45,3.4353
852,7.125,2.0176
853,7.25,3.8924
854,7,1.8334
855,7.375,2.13
856,7.6,4.363
857,7.375,2.2577
858,7.45,4.1019
859,7.625,4.077
860,7.8,2.258
861,7.41,1.9759
862,7.75,4.2789
863,7.8,1.6553
864,7.9,4.26
865,7.7,5.9525
866,8.125,4.412
867,7.5,1.777
868,7.375,3.7467
869,7.375,2.3031
870,7.55,4.0386
871,7.6,2.5727
872,7.7,2.537
873,7.5,2.7517
874,7.7,10.3607
875,7.375,2.5603
876,7.7,2.537
877,7.125,3.8072
878,6.8,1.2685
879,7.75,4.2337
880,7.75,4.0281
881,7.375,1.938
882,6.77,2.7154
883,7.05,2.7184
884,7.5,4.8901
885,7.4,3.1319
886,7.5,3.3519
887,7.5,4.0775
888,6.875,4.0775
889,7.55,1.4081
890,7.875,3.9375
891,8.625,3.1289
892,8.75,3.1289
893,4.125,3.9607
894,6.25,6.1607
895,2.65,2.8201
896,4.375,3.823
897,4.5,4.6049
898,4,4
899,4,4
900,3.625,3.746
901,3.75,3.7498
902,2.125,2.357
903,2.8,2.9437
904,2.35,2.5717
905,3.05,3.2807
906,2.864,2.993
907,1.9,2.002
908,2.7,2.772
909,1.15,1.275
910,1.15,1.275
911,2.5,2.6105
912,2.5,2.611
913,2.625,2.714
914,2.625,2.714
915,3.875,4.042
916,3.875,4.0417
917,2.625,2.934
918,1.9,2.1008
919,2.25,2.402
920,7,6.5147
921,7,6.515
922,2.65,2.762
923,2.65,2.7616
924,3.875,3.796
925,3.875,3.796
926,3.375,3.655
927,3.375,3.2836
928,3.375,3.284
929,2.25,2.549
930,2.633,2.8371
931,1.75,2.0658
932,2.8,2.992
933,4.375,4.299
934,4.375,4.2985
935,6,6.2442
936,6,6.244
937,7.5,8.202
938,2.65,2.959
939,2.65,2.959
940,1.95,2.1956
941,2.4,2.7199
942,4.25,4.3916
943,3.5,3.639
944,5,4.412
945,5,4.4117
946,2.65,2.6887
947,2.65,2.688
948,4.125,4.471
949,4.125,4.4715
950,4.875,4.893
951,4.875,4.8933
952,4.5,4.2318
953,4.5,4.232
954,4,3.4793
955,4,3.479
956,3.75,3.5159
957,1.65,1.9503
958,1.65,1.95
959,6.125,5.8753
960,6.125,5.875
961,4,3.7243
962,6.125,5.5662
963,6.125,5.566
964,8,6.808
965,8,6.808
966,2.625,2.4552
967,4,2.8341
968,4,2.834
969,4.25,3.7566
970,4.25,3.757
971,2.95,2.717
972,2.7,2.4445
973,3,2.7446
974,3.125,2.7346
975,3.125,2.735
976,5.5,4.4056
977,6.875,6.085
978,6.875,6.0846
979,3.875,4.002
980,3.875,4.002
981,5,5.588
982,5,5.5881
983,3.95,2.1895
984,4.25,4.2491
985,4.25,4.249
986,4.25,3.7527
987,2.3,2.182
988,2,1.9186
989,2.95,2.8225
990,8.5,7.7104
991,8.5,7.71
992,2.25,2.0465
993,2.85,2.7489
994,4.875,2.3381
995,4.875,2.338
996,4.125,3.8177
997,4.125,3.799
998,3.625,3.1323
999,3.625,3.132
1000,3.027,2.8521
1001,6.125,5.0925
1002,6.125,5.093
1003,7,5.7377
1004,7,5.738
1005,2.4,2.3477
1006,3.875,3.1754
1007,3.875,3.175
1008,2.637,2.5511
1009,3.318,3.0131
1010,2.945,2.703
1011,4.5,4.9214
1012,4.5,4.921
1013,5.25,4.365
1014,4.375,4.0688
1015,4.375,4.069
1016,5.625,4.6768
1017,4.5,4.3154
1018,4.5,4.315
1019,3.196,2.8441
1020,3.375,3.144
1021,3.5,3.1414
1022,4.125,3.5814
1023,4.125,3.581
1024,4.75,4.012
1025,4.75,4.012
1026,3.75,3.2626
1027,3.75,3.143
1028,4,3.3117
1029,4,3.312
1030,2.55,2.4327
1031,6.875,5.5247
1032,6.875,5.5
1033,5,4.3242
1034,5,4.343
1035,2.7,2.731
1036,4,4.064
1037,4,4.064
1038,3.625,3.3803
1039,3.625,3.38
1040,2.25,2.3118
1041,3.35,3.1587
1042,1.9,1.9848
1043,4,3.4749
1044,4,3.475
1045,4.5,4.4582
1046,4.5,4.458
1047,4,4.0587
1048,4,4.059
1049,2.4,2.6527
1050,2.4,2.653
1051,2.4,2.4318
1052,3.625,3.0791
1053,3.875,3.4713
1054,4.125,4.0019
1055,4.125,4.002
1056,2.55,2.3596
1057,3.625,3.2641
1058,2.2,2.3278
1059,4.75,5.8436
1060,4.75,5.843
1061,3.875,3.7775
1062,3.875,3.777
1063,4.5,4.0648
1064,4.5,4.065
1065,5.125,5.865
1066,5.125,5.8645
1067,3.5,3.3763
1068,3.5,3.376
1069,2.4,2.35
1070,3.375,3.0431
1071,6.875,.
1072,6.875,5.957
1073,6.375,4.3974
1074,6.375,4.397
1075,3.5,3.4226
1076,3.5,3.505
1077,4.625,4.03
1078,4.625,4.03
1079,4.875,4.3558
1080,4.875,4.337
1081,1.85,2.254
1082,6,6.385
1083,6,6.385
1084,1.9,2.491
1085,1.7,2.0579
1086,1.7,2.05
1087,1.75,2.3223
1088,4.625,3.4101
1089,1.7,2.2613
1090,0.9,1.5675
1091,4.625,4.7012
1092,4.625,4.701
1093,4.2,2.5016
1094,3.75,3.8851
1095,3.75,3.885
1096,2.5,2.9906
1097,2,2.4992
1098,4.7,3.0459
1099,4.8,3.1469
1100,2.979,3.047
1101,2.979,3.072
1102,5.375,5.93
1103,5.375,5.93
1104,5.5,4.423
1105,6,4.805
1106,6,4.7523
1107,7.875,4.2931
1108,7.875,4.293
1109,1.15,1.4909
1110,1.6,2.0856
1111,2.625,0.438
1112,4.625,3.133
1113,1.15,1.7575
1114,2.5,2.8947
1115,4.5,3.7496
1116,4.75,4.0777
1117,2.15,2.4584
1118,6,3.6485
1119,6,3.648
1120,6.375,4.9018
1121,6.375,4.835
1122,1.875,2.4303
1123,4.625,2.591
1124,4.625,2.591
1125,3.161,2.8784
1126,6.875,3.9142
1127,6.875,3.911
1128,4.625,4.0601
1129,4.625,4.06
1130,6.75,4.2012
1131,6.75,4.201
1132,3.54,3.0836
1133,4.875,-150
1134,1.875,2.2695
1135,4.125,3.6571
1136,5,3.8821
1137,5,3.882
1138,2.704,2.8146
1139,3.875,3.1946
1140,3.25,3.3163
1141,4.625,3.8875
1142,1.4,1.7379
1143,3.875,4.3322
1144,3.875,4.332
1145,5.625,5.6239
1146,5.625,5.624
1147,6.125,4.5824
1148,6.125,4.582
1149,1.75,2.2338
1150,4.875,4.0277
1151,4.875,4.028
1152,3.391,3.1954
1153,3.5,2.8582
1154,6.25,4.2185
1155,6.25,4.219
1156,3,2.924
1157,3,2.9245
1158,4,4.4023
1159,2.293,1.5264
1160,1.5,2.2301
1161,3.099,3.1426
1162,5,4.7843
1163,4.625,3.4715
1164,4.625,3.471
1165,5.25,4.6653
1166,5.25,4.665
1167,4.375,3.8805
1168,2.496,2.8436
1169,4.625,4.469
1170,2.125,2.7443
1171,4.375,3.2615
1172,4.375,3.261
1173,2.5,2.6492
1174,6.25,4.413
1175,1.35,2.2282
1176,3.875,4.4509
1177,3.875,4.451
1178,2.45,2.4336
1179,2.511,2.8703
1180,7.125,5.5189
1181,7.125,5.519
1182,2.15,2.4649
1183,2.5,2.371
1184,3.9,2.4877
1185,4.875,3.6125
1186,4.875,3.613
1187,6.375,3.654
1188,3.7,2.7796
1189,3.875,2.551
1190,3.875,2.535
1191,2.45,2.8799
1192,2.45,2.852
1193,5.25,4.7482
1194,5,4.0157
1195,5,4.016
1196,2.75,1.921
1197,1.35,1.4128
1198,1.65,1.9899
1199,1.95,1.8962
1200,2.25,2.2331
1201,5.5,3.9604
1202,5.5,3.96
1203,6.5,4.9541
1204,6.5,4.954
1205,2.63,2.365
1206,5.625,3.1227
1207,2.955,2.8829
1208,4.75,3.7615
1209,4.75,3.761
1210,2.516,2.573
1211,6.875,4.917
1212,3.875,2.4966
1213,1.482,1.6813
1214,2.402,2.561
1215,3.25,2.3831
1216,2.1,2.2766
1217,2.413,2.5809
1218,2.1,2.2144
1219,4.95,3.7781
1220,3.042,2.7495
1221,4.25,3.2973
1222,4.25,3.297
1223,4.75,2.5608
1224,3.5,3.053
1225,2.7,2.1843
1226,2.143,1.9421
1227,2.969,2.745
1228,1.85,1.9322
1229,2.8,2.3267
1230,2.682,2.6513
1231,4.625,3.2536
1232,4.625,3.254
1233,2.3,2.106
1234,3.625,2.4312
1235,3.9,3.2062
1236,3.625,3.2854
1237,4,2.4688
1238,4.875,3.1088
1239,4.875,3.109
1240,3,2.9109
1241,1.8,2.1077
1242,4.6,3.314
1243,4.45,4.1339
1244,3.008,2.7838
1245,3.125,2.983
1246,4.375,2.7585
1247,4.375,2.678
1248,3.1,2.86
1249,1.8,1.4592
1250,1.95,2.0281
1251,2.75,2.8833
1252,3,2.333
1253,2.2,2.1713
1254,2.375,2.3182
1255,3.125,3.2435
1256,5.75,3.0155
1257,2.8,1.6269
1258,2.517,2.6218
1259,3.831,2.7864
1260,2.5,2.2081
1261,3.464,2.2148
1262,3.2,2.2905
1263,2.704,2.3068
1264,4.65,1.7858
1265,4.125,3.2346
1266,3.875,2.0595
1267,4.5,2.883
1268,3.7,2.9835
1269,2.65,1.9022
1270,3.8,3.077
1271,4.2,2.278
1272,4.875,2.3724
1273,5.125,3.2327
1274,2.8,1.3385
1275,3.6,2.5291
1276,5.2,2.8085
1277,3.7,1.5146
1278,5.15,3.0168
1279,2.625,1.2858
1280,2.3,2.1931
1281,3.3,3.0997
1282,2.813,2.7329
1283,2.5,2.2575
1284,4.875,4.008
1285,4.875,4.008
1286,4.5,3.7516
1287,2,1.5321
1288,3.35,3.0992
1289,2.65,2.3562
1290,2.375,2.1683
1291,3.5,3.2398
1292,3.5,3.24
1293,3.05,2.9728
1294,6.75,1.6428
1295,4.75,4.1482
1296,4.75,4.148
1297,7.25,5.4236
1298,4,3.3473
1299,4,3.347
1300,2.4,2.1643
1301,3.3,3.1812
1302,4.125,3.4183
1303,4.125,3.418
1304,2.625,2.4791
1305,2.875,2.7924
1306,8,6.7146
1307,2.15,1.3757
1308,2.85,2.4852
1309,3.192,2.8693
1310,3.447,3.1285
1311,4.75,3.779
1312,7.25,4.5091
1313,7.25,4.509
1314,3.6,2.5298
1315,2.85,2.2382
1316,1.5,0.754
1317,4.625,3.9945
1318,4.625,3.994
1319,4.625,3.1975
1320,4.625,3.197
1321,4.25,3.4419
1322,4.25,3.41
1323,5.25,4.3673
1324,4.625,2.9822
1325,4.625,2.982
1326,2.25,1.919
1327,5.125,3.469
1328,5.125,3.469
1329,3.7,2.7715
1330,2.9,2.2847
1331,5.5,5.7271
1332,5.5,5.727
1333,6.75,3.9182
1334,6.75,3.918
1335,3.375,1.3183
1336,4.75,2.996
1337,4.95,3.0302
1338,4.625,1000
1339,4.625,3.64
1340,6.25,4.6711
1341,4,2.8424
1342,4,2.842
1343,7.25,4.0723
1344,7.25,4.072
1345,2.5,1.8897
1346,3.65,3.1927
1347,4.75,3.967
1348,4.75,3.846
1349,5.125,2.8831
1350,5.125,2.878
1351,3.737,3.1462
1352,3,2.2409
1353,4.05,3.1646
1354,5.375,2.8227
1355,3.9,3.2414
1356,2.875,2.1804
1357,3.387,2.8375
1358,2.9,1.5738
1359,4.375,4.1227
1360,2.55,2.0373
1361,3.4,3.1036
1362,3.125,2.8115
1363,3.954,3.3246
1364,4.75,3.935
1365,4.25,3.1119
1366,4.25,3.115
1367,3,2.2128
1368,5.875,7.0376
1369,5.875,7.038
1370,3.25,2.5841
1371,4.625,2.9417
1372,3.809,3.1142
1373,3.2,1.7108
1374,3.45,2.3602
1375,4.5,3.4876
1376,4.375,3.3804
1377,4.375,3.38
1378,2.6,.
1379,4.375,1.8385
1380,4.375,1.839
1381,3.05,2.4006
1382,2.75,2.1406
1383,2.4,2.0821
1384,2.875,2.7221
1385,3.75,2.394
1386,5.75,2.832
1387,5.75,2.832
1388,6.125,4.1301
1389,6.125,4.13
1390,2.95,2.2172
1391,2.5,1.8082
1392,3.125,2.2342
1393,3.95,3.1605
1394,3.95,2.2694
1395,5.45,3.2254
1396,3.55,2.7731
1397,3.95,3.1562
1398,5.375,3.372
1399,5.75,3.9727
1400,5.75,3.967
1401,7.875,3.9846
1402,7.875,3.972
1403,5.75,4.2679
1404,5.75,4.267
1405,5,3.1005
1406,5,3.101
1407,3.672,2.963
1408,7.5,3.7179
1409,5.5,4.3247
1410,5.5,4.321
1411,5.5,3.379
1412,5.5,3.364
1413,5.625,3.5155
1414,5.625,3.516
1415,5.625,2.2056
1416,5.625,2.194
1417,3.85,3.0823
1418,4.985,3.0446
1419,4.65,3.5617
1420,4.85,3.553
1421,4.9,3.496
1422,3.9,2.1088
1423,3.9,1.9623
1424,4.2,2.573
1425,5.25,3.154
1426,5.25,3.154
1427,4.1,3.1241
1428,4.25,2.4744
1429,6.5,5.8686
1430,6.5,5.869
1431,3.566,2.1596
1432,4.276,3.273
1433,3.75,2.1443
1434,5.25,2.8209
1435,5.25,2.798
1436,5.2,2.8658
1437,5.2,2.869
1438,5.875,3.4149
1439,5.875,3.415
1440,4.125,2.9304
1441,4.125,2.93
1442,5,3.1213
1443,2.95,2.096
1444,7.25,4.775
1445,5.625,3.0784
1446,5.625,3.076
1447,4.2,2.1298
1448,0.75,-0.091
1449,4.4,2.2731
1450,4.2,2.1481
1451,3.5,1.8078
1452,4.5,3.1507
1453,4.65,2.4101
1454,3.375,1.8035
1455,3.5,3.4778
1456,6.5,3.2565
1457,6.5,3.21
1458,10.25,3.3323
1459,10.25,3.276
1460,4.7,2.2966
1461,5.125,2.6909
1462,4.35,2.0968
1463,3.7,1.946
1464,4.7,3.3252
1465,4.875,2.0013
1466,4.75,2.3007
1467,4.5,2.1013
1468,4.25,1.7756
1469,4.85,3.0576
1470,3.95,1.6261
1471,4.65,2.0653
1472,5.25,3.4404
1473,5.75,2.9278
1474,6.015,4.5963
1475,6,2.9609
1476,4.2,1.894
1477,6.125,2.8387
1478,6.125,2.839
1479,4.45,2.1011
1480,4.45,2.0325
1481,4.65,2.0522
1482,5.4,3.4242
1483,4.003,2.7711
1484,4,1.9144
1485,4.5,2.6913
1486,3.9,1.8996
1487,4.45,3.0291
1488,3.829,1.8271
1489,4.272,2.8863
1490,4.375,2.7352
1491,5.246,4.0953
1492,5.246,3.2852
1493,4.386,2.9885
1494,5.375,4.5246
1495,4.5,3.0745
1496,4.35,1.8426
1497,4.45,2.1238
1498,3.9,1.7587
1499,3.95,1.8421
1500,4.375,3.118
1501,3.25,1.5765
1502,3.95,2.8827
1503,4.7,3.1115
1504,3.97,2.823
1505,4.125,1.8085
1506,4,2.3424
1507,4.45,3.2883
1508,3.875,2.599
1509,3.875,2.5543
1510,4,1.6669
1511,5.875,4.1826
1512,4.1,2.9061
1513,4.2,2.4236
1514,6.5,4.4992
1515,3.5,1.9618
1516,3.4,1.7092
1517,3.812,2.8362
1518,4.4,3.4395
1519,5.25,3.705
1520,4.625,2.477
1521,4.625,2.4775
1522,3.95,2.1359
1523,3.795,2.8104
1524,4.75,3.162
1525,5.625,1.8888
1526,3.5,1.7448
1527,4.875,3.6465
1528,4.875,3.644
1529,3.394,2.6034
1530,3.4,1.7858
1531,3.375,1.7784
1532,3.375,1.7088
1533,4.3,3.364
1534,5,2.981
1535,5,2.9814
1536,3.7,4.6058
1537,4.375,3.5173
1538,3.75,3.151
1539,4.625,2.7674
1540,3.95,2.3508
1541,3.5,1.9608
1542,2.9,1.3238
1543,3.125,1.8165
1544,3.5,2.5133
1545,3.625,2.7325
1546,3.625,2.0663
1547,3.95,2.1929
1548,3.625,2.9146
1549,3.1,1.6234
1550,4.75,2.874
1551,4.75,2.8787
1552,3.6,2.7288
1553,4.1,3.3178
1554,3.75,2.773
1555,2.625,1.4509
1556,3.5,1.8373
1557,3.95,3.0036
1558,4.25,2.555
1559,3.125,1.5606
1560,3.55,1.6611
1561,0.992,1.148
1562,3.7,2.6239
1563,3.15,1.5514
1564,3.95,2.9715
1565,4.65,3.3115
1566,3.3,2.082
1567,3.375,1.8085
1568,4.5,3.3116
1569,3.45,1.5276
1570,3.875,2.4516
1571,3.5,1.6444
1572,3.4,1.591
1573,4.5,3.2192
1574,2.9,1.3119
1575,5.375,3.7894
1576,4.2,2.8916
1577,4.375,3.3305
1578,5,0.9822
1579,3.1,1.4903
1580,3.5,1.5709
1581,4.5,3.3519
1582,2.95,1.4074
1583,3.85,158775
1584,3.841,2.713
1585,5.5,4.568
1586,5.5,4.5684
1587,3,1.4356
1588,4,3.0642
1589,6,3.7994
1590,4.8,3.2895
1591,5.375,1.195
1592,3.9,1.5076
1593,3.25,1.3021
1594,5.125,2.896
1595,3.75,1.7271
1596,4.2,2.286
1597,3.15,1.3282
1598,4.15,2.8152
1599,5.7,3.8229
1600,3.3,1.404
1601,4.4,3.343
1602,5.625,3.9259
1603,5.625,3.911
1604,3.43,1.5732
1605,4.42,3.2074
1606,6.834,4.2803
1607,5.625,10.823
1608,5.625,10.823
1609,0.3,0.671
1610,3.949,2.9107
1611,2.4,1.1734
1612,3.4,2.8082
1613,3.375,2.7606
1614,3.15,2.563
1615,3.3,2.653
1616,3.25,1.4011
1617,4.375,3.2263
1618,3.875,3.2549
1619,3.5,1.6249
1620,3.744,2.8732
1621,3.979,3.2376
1622,3.2,1.4668
1623,4,3.34
1624,4,3.368
1625,3.125,2.8919
1626,2.625,1.5392
1627,5.125,5.178
1628,5.125,5.2589
1629,3.5,3.0578
1630,3.95,2.852
1631,3.885,3.153
1632,3.2,2.7715
1633,5,1.6435
1634,3,2.9452
1635,2.6,1.435
1636,5.25,3.1907
1637,4.5,3.3002
1638,3.375,3.6315
1639,3.75,2.9072
1640,2.85,1.9724
1641,4.5,3.3214
1642,5.875,3.6961
1643,5.2,2.463
1644,6,3.406
1645,5.3,2.9812
1646,4.5,2.5068
1647,4.05,3.0453
1648,5.6,2.7804
1649,4.85,3.3225
1650,5.1,2.41
1651,4.375,3.1914
1652,4.375,2.9574
1653,4.55,3.1866
1654,5.55,4.3351
1655,4.6,2.8545
1656,4.5,2.8416
1657,4.9,3.6344
1658,4.375,2.8705
1659,4.45,3.0997
1660,4.321,2.7586
1661,3.25,2.3348
1662,1.5,0.094
1663,4.854,2.733
1664,5.054,3.1632
1665,4.45,3.3207
1666,4.375,3.3269
1667,3.7,2.7885
1668,4.1,2.9772
1669,4.25,3.2754
1670,3.6,2.4156
1671,3.75,2.6607
1672,4.125,2.7905
1673,3.375,2.5135
1674,3.875,3.1554
1675,3.438,2.636
1676,3.9,2.7325
1677,5.45,4.7608
1678,4.2,2.7836
1679,4.45,3.1315
1680,4.25,2.906
1681,3.959,2.511
1682,5,3.5153
1683,4.858,3.379
1684,4.25,2.8944
1685,4.625,3.2946
1686,5.5,3.5733
1687,4.875,2.6851
1688,5.15,3.3082
1689,4.25,2.3911
1690,4.5,3.2014
1691,2.625,0.394
1692,4.125,2.446
1693,4.6,2.8006
1694,4.3,2.7218
1695,4.75,3.0192
1696,4.375,3.0131
1697,4.75,3.1215
1698,4.9,2.6927
1699,5.3,2.9641
1700,4.5,2.7231
1701,5.4,3.7683
1702,5.45,2.9053
1703,4.5,2.8547
1704,4.875,2.9486
1705,6.4,2.837
1706,5.15,3.2173
1707,4.847,2.707
1708,3.625,3.0277
1709,4.5,3.396
1710,4.5,3.396
1711,3.625,2.6901
1712,4.1,3.2745
1713,4,2.71
1714,4.1,3.0148
1715,6.7,6.7068
1716,4.016,2.7235
1717,4.15,2.996
1718,6,4.167
1719,3.9,3.0305
1720,4.625,3.1456
1721,4.125,2.861
1722,3.7,2.8794
1723,3.5,2.6011
1724,3.6,2.7472
1725,4.125,3.1745
1726,3.625,2.7564
1727,3.6,2.7412
1728,3.25,2.7845
1729,3.875,3.2275
1730,4.85,3.4473
1731,4.8,3.3661
1732,4.65,3.1263
1733,4.535,2.7435
1734,7.65,6.5532
1735,4.375,2.8969
1736,4.75,3.1043
1737,3.7,3.0259
1738,5.5,2.9538
1739,5,2.715
1740,5.95,2.9003
1741,6.4,2.8674
1742,5.65,3.1974
1743,5.4,2.9227
1744,5.7,3.1018
1745,8,3.3685
1746,5.95,3.615
1747,5.375,2.8351
1748,5.3,2.8821
1749,4.875,2.8604
1750,5,2.6316
1751,4.5,2.5223
1752,5.05,2.923
1753,5.4,2.8605
1754,5.2,3.0196
1755,5.75,3.2539
1756,6.2,3.1102
1757,5.4,3.0486
1758,5.75,3.2362
1759,6.35,3.5702
1760,5.375,1.9205
1761,6.125,3.3477
1762,5.875,3.894
1763,6.875,3.8692
1764,8.375,3.4273
1765,8.375,3.427
1766,6.55,3.486
1767,5.7,2.4433
1768,6.5,2.4474
1769,6.5,2.447
1770,6.5,3.9137
1771,7.5,3.616
1772,6.9,3.2685
1773,6.375,3.049
1774,6.5,2.7389
1775,6.5,2.5416
1776,6.55,2.6984
1777,6.95,2.7895
1778,6.15,3.1021
1779,7.25,4.1989
1780,7,3.356
1781,6.375,3.0249
1782,6.25,1.882
1783,5.875,1.4081
1784,5.7,2.7476
1785,5.5,1.4929
1786,5.55,2.5666
1787,4.875,1.911
1788,6,2.9557
1789,6.05,2.5243
1790,5.7,2.6528
1791,6,2.5764
1792,5.85,2.9532
1793,5.375,2.437
1794,5.375,2.8824
1795,5.85,2.827
1796,5.8,2.2145
1797,5.375,2.789
1798,6.875,3.7064
1799,6.875,3.706
1800,4.95,2.109
1801,6.375,3.1082
1802,5.5,2.743
1803,6.75,2.752
1804,6.125,3.377
1805,7,2.412
1806,6.875,5.0265
1807,7.5,2.5617
1808,8.875,2.3557
1809,8.25,6.5136
1810,7.55,1.7145
1811,3.75,6.553
1812,3.75,6.553
1813,8.2,2.7945
1814,4,6.3879
1815,4,6.3879
1816,7.75,2.1033
1817,5.25,1.896
1818,6.625,2.1759
1819,7,2.1505
1820,6.7,2.0256
1821,6.875,4.5163
1822,7.4,4.9957
1823,5.25,5.0432
1824,1.7,1.6751
1825,2.8,2.7589
1826,0.25,0.376
1827,0.875,0.932
1828,3.5,3.4494
1829,1.573,1.6664
1830,1.573,1.666
1831,2.2,2.567
1832,3.625,3.594
1833,3.625,3.643
1834,3.875,3.905
1835,3.875,3.9053
1836,4.375,4.2061
1837,4.375,4.262
1838,4.875,4.7817
1839,2.75,2.9802
1840,3.05,3.105
1841,2.2,2.311
1842,0.25,0.449
1843,0.5,0.615
1844,1.125,1.32
1845,2.7,2.813
1846,0.625,0.696
1847,2.375,2.5548
1848,3.625,3.6573
1849,3,2.9415
1850,4,3.886
1851,4,3.8856
1852,2.9,3.054
1853,5.25,4.697
1854,5.25,4.697
1855,4.75,4.4333
1856,1.75,1.7846
1857,5.125,5.1232
1858,5.125,5.123
1859,5,5.3869
1860,3.125,3.468
1861,2.4,2.8462
1862,4.625,5.023
1863,4.625,5.0234
1864,2.75,2.933
1865,2.75,2.941
1866,2.25,2.338
1867,4.875,5.009
1868,4.875,4.9897
1869,2.043,2.2655
1870,2.043,2.26
1871,3.75,3.5827
1872,2.8,2.8144
1873,3.2,3.1929
1874,2.375,2.5827
1875,2.375,2.593
1876,1.3,1.5054
1877,1.35,1.6269
1878,2.15,2.4291
1879,1.8,2.076
1880,2.15,2.6202
1881,3.35,3.612
1882,4.375,4.4549
1883,2.5,2.6188
1884,4.375,2.5539
1885,1.375,1.655
1886,6.125,5.0928
1887,6.125,5.093
1888,4.625,2.1134
1889,3.625,3.363
1890,3.625,3.363
1891,2.7,2.4908
1892,4.625,4.1821
1893,4.625,4.182
1894,1.7,1.6582
1895,3.05,2.876
1896,3.6,3.36
1897,3.6,3.3597
1898,4.5,4.8882
1899,4.5,4.888
1900,4.75,5.1256
1901,4.75,5.126
1902,4.5,4.0771
1903,4.5,4.077
1904,3.55,3.1687
1905,5.25,4.4053
1906,5.25,4.405
1907,3.268,3.065
1908,3.268,3.0645
1909,4,3.568
1910,4,3.5595
1911,10.5,8.0864
1912,10.5,8.086
1913,1.73,2.1997
1914,4.1,3.6808
1915,2.6,2.4016
1916,0.95,0.977
1917,2.875,2.7041
1918,0.45,0.538
1919,3.25,3.1454
1920,4.5,4.7231
1921,4.75,4.0286
1922,4.75,4.029
1923,2.718,2.4822
1924,2.718,2.492
1925,3.168,2.9366
1926,2.45,2.147
1927,2.45,2.147
1928,2.95,2.637
1929,2.95,2.637
1930,5.25,4.3447
1931,2.891,2.586
1932,2.891,2.5855
1933,5,4.185
1934,5,4.185
1935,5.5,4.9999
1936,5.5,5.124
1937,2.25,1.9733
1938,3.75,2.8236
1939,3.75,2.824
1940,0.75,0.996
1941,4.25,4.1252
1942,4.25,4.125
1943,2.95,3.0334
1944,2.95,3.043
1945,1.5,1.5924
1946,2,1.9374
1947,1.95,2.0088
1948,1.5,1.9328
1949,2,2.403
1950,1.65,1.8647
1951,3.1,3.0206
1952,5.375,4.0598
1953,5.375,4.06
1954,3.75,4.2672
1955,3.75,4.267
1956,3.125,3.4738
1957,3.125,3.49
1958,4.5,4.5395
1959,4.5,4.54
1960,4.25,4.4706
1961,4.25,4.471
1962,3.25,3.3871
1963,3.25,3.395
1964,1.85,2.274
1965,2.95,3.1861
1966,4.75,4.402
1967,5,4.6764
1968,6.875,5.2023
1969,6,7.1498
1970,6,7.15
1971,2.5,3.0873
1972,2.5,3.066
1973,3.5,4.1311
1974,3.5,4.131
1975,6.5,6.6943
1976,6.5,6.672
1977,3.1,3.3538
1978,4.125,4.0919
1979,4.125,4.092
1980,4.375,4.3741
1981,4.375,4.374
1982,3.875,3.9736
1983,3,3.009
1984,3,3.0089
1985,3.75,2.6148
1986,3,3.0378
1987,1.95,2.2044
1988,1.95,2.194
1989,5.75,4.799
1990,3.625,3.7487
1991,3.625,3.749
1992,6.875,5.5104
1993,2.7,2.3714
1994,4.875,3.0383
1995,4.125,4.4261
1996,4.125,4.426
1997,5.375,5.6748
1998,5.375,5.675
1999,1.8,2.2599
2000,3.375,3.9268
2001,3.375,3.927
2002,1.75,2.3261
2003,3.625,3.7431
2004,3.625,3.703
2005,2.125,0.467
2006,3.875,3.2066
2007,3.875,3.206
2008,2.35,2.7055
2009,4,4.0991
2010,4,4.035
2011,1.75,2.2438
2012,2.75,2.9546
2013,1.75,2.2473
2014,2.294,2.1601
2015,3.361,3.0642
2016,2.782,2.3836
2017,3.91,3.39
2018,3.875,4.0386
2019,3.875,4.039
2020,3.75,2.8858
2021,4,3.5569
2022,1.875,2.3111
2023,2.492,2.602
2024,4.75,3.9038
2025,4.375,3.1241
2026,4.375,3.124
2027,4.75,3.3197
2028,4.75,3.32
2029,4.625,3.5187
2030,4.625,3.519
2031,1.4,1.857
2032,6.5,4.2998
2033,6.5,4.3
2034,5.875,5.1556
2035,5.875,5.156
2036,1.95,2.2956
2037,1.2,1.575
2038,3.375,2.4884
2039,3.375,2.488
2040,5.875,5.0178
2041,5.875,5.017
2042,0.875,1.2723
2043,6.625,3.8301
2044,6.625,3.83
2045,1.8,2.4012
2046,1.8,2.401
2047,2.95,3.296
2048,2.95,3.292
2049,1.05,1.3572
2050,3.112,2.9374
2051,3.362,3.1178
2052,1.4,1.6428
2053,3.5,3.655
2054,3.875,3.188
2055,3.875,3.188
2056,2.6,2.9625
2057,3.875,3.0195
2058,3.875,3.02
2059,5,4.536
2060,5,4.536
2061,1.45,2.236
2062,5.375,3.7968
2063,5.375,3.797
2064,4,3.6596
2065,4,3.66
2066,3.75,3.6827
2067,3.75,3.683
2068,1.65,2.2843
2069,3.25,2.6319
2070,1.3,2.0113
2071,1.25,1.9999
2072,2.3,2.943
2073,2.8,3.1977
2074,5.25,3.9173
2075,5.25,3.917
2076,1.1,1.9246
2077,5.5,4.9725
2078,5.5,4.972
2079,4.5,3.3035
2080,4.5,3.303
2081,2.25,2.135
2082,4.125,3.1962
2083,4.375,2.7167
2084,4.625,2.8752
2085,1.625,2.1608
2086,1.625,2.171
2087,4.75,3.8368
2088,3,2.6913
2089,7.125,6.5086
2090,7.125,6.509
2091,4.75,4.3779
2092,4.75,4.378
2093,3.875,3.1582
2094,3.875,3.158
2095,2.815,2.86
2096,1.15,1.5387
2097,1.4,1.877
2098,2.538,2.6112
2099,2.375,1.5604
2100,2.7,2.3437
2101,2,2.2253
2102,2.3,1.8832
2103,2.3,1.891
2104,6.5,4.1939
2105,6.5,4.264
2106,4.625,3.5313
2107,4.625,3.531
2108,2.9,2.9063
2109,2.95,2.2375
2110,3,2.5832
2111,1.75,1.9364
2112,2.75,2.855
2113,2.924,2.625
2114,2.6,1.632
2115,3.25,2.351
2116,5.5,3.8139
2117,5.5,3.814
2118,2.823,2.2165
2119,3.794,3.1645
2120,2.8,2.8423
2121,2.832,2.685
2122,2.375,2.1098
2123,2.8,2.7354
2124,3.5,2.2106
2125,2.8,2.2713
2126,2.9,2.33
2127,6.625,4.017
2128,6.625,4.013
2129,3.7,2.3443
2130,2,2.1579
2131,2.85,2.8965
2132,2.95,3.0549
2133,3.4,2.681
2134,0.5,0.208
2135,0.8,0.605
2136,3.85,1.6286
2137,1.9,1.9604
2138,2.875,2.8509
2139,1.75,1.8839
2140,2.1,2.1779
2141,1.85,1.2865
2142,2.7,2.6627
2143,2.1,1.5679
2144,2.1,1.568
2145,5.875,4.0801
2146,3.1,2.3509
2147,2.875,2.3435
2148,3.75,3.2353
2149,2.125,2.0156
2150,2.125,2.026
2151,2.95,2.271
2152,4.25,3.025
2153,3.125,2.3258
2154,3.351,3.2135
2155,3.05,2.9005
2156,2.6,1.9528
2157,3.2,2.2489
2158,3.8,3.2198
2159,4.25,2.3272
2160,3.5,2.3206
2161,4.7,2.3458
2162,2.875,2.1993
2163,1.75,0.217
2164,2.375,0.773
2165,4.2,2.3181
2166,3.625,1.5956
2167,4.25,3.2616
2168,4,2.2628
2169,3.1,1.9718
2170,2.5,1.3242
2171,4.75,2.3083
2172,4.2,3.1771
2173,3.05,1.9956
2174,3.7,2.9304
2175,3.1,1.867
2176,3.5,1.4334
2177,4.25,2.7591
2178,4.25,2.8807
2179,4.6,2.8104
2180,4.2,2.8869
2181,3.55,2.4207
2182,4.8,1.9926
2183,4.45,1.9985
2184,4.625,2.8379
2185,4.4,2.1475
2186,3,1.5782
2187,3.5,2.6611
2188,3.875,2.9231
2189,3,2.3552
2190,2.25,2.1474
2191,0.75,0.63
2192,2.125,2.0068
2193,4.125,2.8298
2194,4.25,3.0554
2195,2.75,2.3537
2196,3.3,3.0053
2197,2.3,2.1602
2198,7.375,5.3455
2199,7.375,5.341
2200,3.3,3.0189
2201,1.875,1.497
2202,4,3.4165
2203,0.25,0.302
2204,0.625,0.816
2205,4.25,3.6724
2206,4.25,3.672
2207,2.45,2.2917
2208,4.375,4.48
2209,4.375,4.48
2210,5,3.6856
2211,5,3.686
2212,10.5,9.7751
2213,2.3,1.9423
2214,4,1.8878
2215,4.5,4.1768
2216,4.5,4.177
2217,4.625,3.414
2218,3.38,3.1845
2219,4.75,3.6158
2220,9.25,5.865
2221,9.25,5.8653
2222,2.4,2.0562
2223,3.75,3.237
2224,3.342,3.0118
2225,4.75,3.7798
2226,2.35,1.8747
2227,3.95,3.2307
2228,2.989,2.593
2229,3.45,2.3471
2230,2.9,2.2582
2231,3.875,2.9065
2232,3.875,2.92
2233,1,0.565
2234,4.75,3.0079
2235,5.4,3.0481
2236,6.15,2.9648
2237,7,4.0148
2238,7,4.015
2239,3.25,2.8931
2240,4.8,3.3222
2241,4.8,1.9435
2242,2.95,2.2004
2243,4.625,3.4713
2244,4.625,3.471
2245,2.375,1.8372
2246,3.125,2.7519
2247,5.875,2.6694
2248,5.875,2.663
2249,8,3.3299
2250,8,3.32
2251,3.55,1.6773
2252,1.5,1.085
2253,1.164,0.513
2254,0.875,0.852
2255,0.625,0.452
2256,0.75,0.353
2257,3.875,1.5051
2258,4,3.6619
2259,4,3.662
2260,3.75,3.4378
2261,3.106,2.6419
2262,0.875,0.975
2263,5.25,3.9443
2264,4.25,1.9018
2265,2.95,2.6618
2266,7.5,4.1749
2267,1.5,1.391
2268,2.8,2.2658
2269,3.25,2.1212
2270,3.35,3.0416
2271,2.25,1.775
2272,2.9,2.4256
2273,2.95,2.1318
2274,3.8,3.1314
2275,5.875,2.978
2276,3.817,3.1876
2277,3.4,2.8598
2278,5.875,3.5075
2279,5.875,3.507
2280,5,2.6732
2281,5.25,2.9579
2282,4.15,3.4789
2283,2.7,1.8293
2284,5.25,3.7997
2285,5.25,3.8
2286,1.3,0.815
2287,2.95,2.7065
2288,3.25,3.1969
2289,3.9,3.5897
2290,5.625,3.1297
2291,5.375,3.192
2292,5.5,4.2798
2293,5.5,4.28
2294,4.875,3.3858
2295,4.875,3.381
2296,5.9,3.4613
2297,1.125,0.289
2298,1.625,0.735
2299,3,2.105
2300,10.5,5.8365
2301,10.5,5.837
2302,0.625,0.175
2303,1,0.45
2304,5.085,3.2727
2305,5.25,2.8341
2306,5.25,2.825
2307,6.75,2.9425
2308,6.75,2.928
2309,3.25,1.8872
2310,3.25,1.887
2311,5.375,3.139
2312,4.15,2.974
2313,4.125,2.3728
2314,5.3,3.8393
2315,2.95,1.544
2316,3.75,2.0818
2317,5.125,2.8139
2318,5.25,2.9514
2319,5.25,3.8437
2320,3.375,1.9718
2321,3.2,1.7543
2322,3.25,1.6941
2323,5.5,3.6867
2324,2.5,2.063
2325,4.55,3.2082
2326,3.2,2.0446
2327,3.2,2.044
2328,3.6,2.4229
2329,3.6,2.405
2330,3.875,2.7237
2331,3.875,2.727
2332,4.2,3.0932
2333,4.2,3.062
2334,9.375,3.2046
2335,9.375,3.173
2336,5.625,3.7278
2337,5.625,3.728
2338,5.5,3.3167
2339,5.5,3.304
2340,0.75,0.014
2341,1.125,0.436
2342,6.625,1.6224
2343,6.625,1.593
2344,1.6,0.637
2345,3.4,1.8036
2346,4.25,2.882
2347,7.25,5.0689
2348,4.5,2.5735
2349,3.9,2.6392
2350,3.875,2.5855
2351,1.375,0.586
2352,4.125,2.052
2353,4.875,2.9828
2354,4.2,2.9143
2355,4.75,2.157
2356,4.55,2.9365
2357,4.15,2.9042
2358,4,1.9558
2359,4.9,2.1437
2360,4.3,3.038
2361,5.327,2.3069
2362,4.9,2.3224
2363,2,0.359
2364,4.5,1.9223
2365,5.4,3.3514
2366,4.55,2.1547
2367,5.2,3.8046
2368,7,1.7279
2369,4.9,3.1596
2370,4.5,2.8593
2371,5.15,3.5589
2372,7,4.2435
2373,7,4.244
2374,4.75,3.1744
2375,5.35,3.266
2376,2.125,0.485
2377,10.5,7.6771
2378,10.5,7.677
2379,1.875,0.752
2380,3.625,1.7552
2381,3.625,1.722
2382,3.625,1.6475
2383,5,2.43
2384,4.1,2.6291
2385,4.25,3.6974
2386,5.1,4.296
2387,4.45,2.9066
2388,4.45,3.174
2389,4,1.854
2390,4.15,2.951
2391,3.8,1.8399
2392,3.95,2.4823
2393,4.3,1.8943
2394,3.483,2.0377
2395,4.625,2.4244
2396,4.9,2.2082
2397,4.6,4.731
2398,3.942,3.1523
2399,4.05,3.1603
2400,2.15,0.711
2401,4.3,1.9011
2402,4.125,1.573
2403,4.875,2.0138
2404,4.2,1.936
2405,4.8,3.3851
2406,3.65,1.7579
2407,4.05,2.9802
2408,4.15,3.1209
2409,3.5,1.7418
2410,4.6,1.9207
2411,1.625,0.126
2412,3.6,1.8885
2413,4.1,3.3427
2414,5,3.3321
2415,4.75,3.1625
2416,3.125,0.7194
2417,3.125,0.721
2418,4.25,3.3055
2419,4.1,3.2032
2420,4.625,2.067
2421,3.25,1.583
2422,3.45,1.7881
2423,1.5,0.515
2424,3.75,1.8762
2425,3.375,1.7369
2426,4.5,2.5505
2427,4.375,3.3961
2428,3.4,1.7061
2429,4.05,1.8106
2430,1.5,0.573
2431,3.5,2.6786
2432,1.875,1.692
2433,3.15,1.6434
2434,1.25,0.189
2435,4.625,3
2436,4.625,3.0003
2437,3.9,2.6729
2438,5,3.3233
2439,3,1.5934
2440,3.45,1.888
2441,3.6,1.72
2442,3.8,1.8708
2443,3.6,1.5217
2444,3.2,1.6128
2445,4.1,2.9115
2446,3.4,1.5699
2447,2.85,1.3107
2448,4.35,3.1222
2449,4.2,2.0432
2450,5.4,3.8997
2451,3.7,1.6025
2452,0.52,0.429
2453,3.375,2.36
2454,3.375,2.353
2455,4.3,3.3841
2456,3.25,1.6727
2457,4.125,2.3321
2458,4.5,3.235
2459,4.3,3.2205
2460,4.368,3.5988
2461,3.375,2.134
2462,3.92,2.812
2463,4.55,3.2214
2464,4.368,3.253
2465,4.85,4.296
2466,4.05,3.141
2467,1.8,1.238
2468,4,2.861
2469,6.75,0.0035
2470,5,3.5439
2471,3.75,1.5315
2472,3.875,1.5884
2473,3.647,2.585
2474,4.6,1.5398
2475,4.75,2.8339
2476,3.95,1.6365
2477,1.45,0.181
2478,5.5,3.2694
2479,5,6.093
2480,5,6.0925
2481,3.375,1.4686
2482,4.25,2.9401
2483,4.125,2.9923
2484,4.875,3.266
2485,5.875,3.9142
2486,6.25,3.432
2487,3.25,1.3305
2488,3.125,1.938
2489,5.45,3.6294
2490,4.25,2.2805
2491,4.25,2.288
2492,3.6,1.58
2493,3.2,1.4823
2494,4.4,3.3469
2495,6.2,3.2394
2496,3.45,1.4245
2497,4.2,2.9623
2498,3.8,1.4646
2499,2.425,0.327
2500,1.9,0.234
2501,3.7,1.4934
2502,3.2,1.4952
2503,4.5,1.6271
2504,4.5,1.635
2505,1.875,0.22
2506,3.837,2.9045
2507,1.25,0.217
2508,1.375,0.702
2509,3.125,2.308
2510,2.65,1.3224
2511,1,0.179
2512,2.6,1.3666
2513,4.25,3.3021
2514,2.7,1.2738
2515,2.65,1.35
2516,4,2.7747
2517,2.25,1.1734
2518,1.375,0.407
2519,1.1,0.947
2520,3.028,2.5357
2521,4.4,3.1321
2522,2.9,1.6205
2523,6.75,4.5437
2524,1.5,0.428
2525,3.9,2.9873
2526,2,1.574
2527,4.875,4.8141
2528,4.875,4.814
2529,3.625,2.6621
2530,6,4.1185
2531,5.15,3.496
2532,6.375,3.426
2533,1.75,0.198
2534,4.5,3.1478
2535,4.05,3.0609
2536,6.75,4.0064
2537,4.7,3.0422
2538,4.7,2.7353
2539,4.76,2.9103
2540,4.76,2.91
2541,4.5,3.1922
2542,4.2,2.2449
2543,4.65,3.1413
2544,4.25,2.7457
2545,4.375,3.1614
2546,7.375,3.653
2547,4.7,2.954
2548,4,2.6208
2549,3.6,1.902
2550,4.875,2.9569
2551,4.125,2.009
2552,5.7,3.8229
2553,5,2.8657
2554,5.15,3.2847
2555,1.875,0.132
2556,4.6,3.2002
2557,2.125,0.386
2558,1.75,0.3794
2559,1.75,0.76
2560,3.95,3.0546
2561,1.9,0.595
2562,1.4,0.045
2563,2.375,1.224
2564,4,2.8278
2565,4.2,2.894
2566,3.85,3.0086
2567,4.024,2.7076
2568,4.6,3.4195
2569,4.1,3.3567
2570,4.8,2.9492
2571,4.8,2.949
2572,4,2.6576
2573,4,2.658
2574,5.4,3.4318
2575,5,3.288
2576,2.5,0.604
2577,4.75,3.383
2578,4.75,3.383
2579,4.95,3.1764
2580,4.9,3.5055
2581,5.165,6.3093
2582,3.375,1.243
2583,4.8,3.1667
2584,4.8,3.596
2585,3,0.651
2586,2.875,0.65
2587,4.678,3.133
2588,5.15,2.962
2589,5.375,3.609
2590,4.5,3.1866
2591,4.75,2.221
2592,5.1,3.3698
2593,5.3,3.2749
2594,5.625,3.5122
2595,4.875,3.4088
2596,4.643,2.6439
2597,6.15,4.4239
2598,5.15,2.947
2599,5.1,3.2468
2600,4.3,2.8714
2601,3.125,1.237
2602,4.95,3.544
2603,4.5,4.0078
2604,2.625,0.351
2605,4.875,3.6273
2606,4.25,2.8601
2607,6.5,3.4502
2608,4,2.1934
2609,4.25,2.8876
2610,3.55,2.7437
2611,4.35,3.3272
2612,3.95,2.8735
2613,4.45,3.0751
2614,3.95,2.9648
2615,4.375,2.8862
2616,3.875,3.3338
2617,3.6,2.7656
2618,4,3.1862
2619,4.65,3.0662
2620,4.875,2.8391
2621,4.837,3.0167
2622,4.5,3.3494
2623,4,2.7792
2624,4.4,2.926
2625,5.5,1.298
2626,4.125,2.9067
2627,6,3.2023
2628,4.375,3.3254
2629,5.25,3.238
2630,5.15,3.2495
2631,4.625,2.8968
2632,4.75,3.2672
2633,4.75,3.0459
2634,5.55,3.446
2635,5.85,2.8518
2636,5.6,3.153
2637,5.625,2.6202
2638,5.3,2.6019
2639,5.75,3.2541
2640,5.5,3.1009
2641,4.95,3.1757
2642,5.5,3.4167
2643,4.5,2.5976
2644,6.22,3.0804
2645,6.35,3.5817
2646,5.3,2.7514
2647,5.75,2.9004
2648,5.625,2.6205
2649,5.5,2.7831
2650,7.3,3.3005
2651,5.6,2.8506
2652,7.6,6.46
2653,6.5,1.978
2654,5.2,2.4308
2655,9.4,3.3787
2656,6,2.7314
2657,5.85,2.437
2658,6.3,3.0294
2659,6.625,2.8189
2660,7,2.58
2661,6.3,3.216
2662,6.4,2.8509
2663,6.15,2.6714
2664,6.625,2.5596
2665,5.125,2.301
2666,5.951,2.893
2667,5.951,2.893
2668,6.15,2.9888
2669,6.15,2.7188
2670,5.7,2.6746
2671,5.55,2.3101
2672,5.9,2.5368
2673,5.95,3.8594
2674,6.15,2.6597
2675,6.05,2.8562
2676,6.45,2.7896
2677,6.5,2.7389
2678,4.875,3.198
2679,5.65,2.7021
2680,5.4,2.72
2681,6.5,2.4327
2682,6.7,4.2954
2683,6.5,2.1233
2684,7.05,2.5278
2685,5.875,2.3732
2686,7.75,2.4856
2687,7.45,2.4
2688,3.5,-9.8221
2689,3.5,0
2690,3.5,-9.827
2691,5.75,1.5
2692,6.6,1.7487
2693,7.5,2.2466
2694,6.625,3.4075
2695,1.7,1.6628
2696,2.1,2.083
2697,2.8,2.7498
2698,2.95,2.9258
2699,2.45,2.6735
2700,3.875,3.8745
2701,3.875,3.875
2702,2.5,2.5306
2703,1.5,1.6388
2704,1.875,2.0581
2705,2.75,2.881
2706,1.7,1.8578
2707,2.8,2.9985
2708,2.2,2.302
2709,3.125,3.2582
2710,1.375,1.603
2711,1.5,1.6594
2712,1.5,1.659
2713,1.875,1.978
2714,1.875,1.978
2715,2.7,2.805
2716,2.95,2.958
2717,2.85,3.0073
2718,3.5,3.2828
2719,3.5,3.283
2720,5.5,5.6312
2721,5.5,5.631
2722,2.125,2.3351
2723,1.75,2.0053
2724,1.1,1.2825
2725,2.35,2.543
2726,1.6,1.6278
2727,3.2,3.1849
2728,1.9,2.2632
2729,2.82,3.055
2730,1.7,1.9747
2731,1.75,1.8667
2732,3.3,3.285
2733,2.15,2.4192
2734,1.8,2.0643
2735,4.125,4.276
2736,4.125,4.276
2737,4.25,4.1909
2738,4.25,4.191
2739,2.25,2.4349
2740,4.25,3.9307
2741,4.25,3.931
2742,1.5,1.5757
2743,2.4,2.3875
2744,3.2,3.2485
2745,2.375,2.5936
2746,3.5,3.767
2747,2.3,2.5826
2748,2.65,2.781
2749,2.65,2.7809
2750,5.25,5.3363
2751,5.25,5.336
2752,5.375,4.9802
2753,5.375,4.98
2754,4.75,4.364
2755,4.75,4.364
2756,2.973,3.111
2757,1.7,1.6465
2758,2.6,2.4455
2759,2.6,2.445
2760,3.875,3.061
2761,3.875,2.947
2762,2.69,2.4434
2763,2.25,2.5407
2764,3.6,3.665
2765,2.75,2.5628
2766,4,3.509
2767,4.5,4.1057
2768,4.5,4.106
2769,3.5,3.1749
2770,3.5,3.222
2771,2.375,2.1073
2772,3.2,2.8414
2773,5,4.0649
2774,5,4.065
2775,3.268,3.055
2776,3.268,3.0553
2777,2.77,3.1414
2778,2.6,2.4677
2779,1.7,1.5348
2780,6,6.2476
2781,6,6.248
2782,3.375,2.5015
2783,3.375,2.568
2784,3.5,2.7002
2785,3.5,2.7
2786,2.6,2.3922
2787,3.65,3.2778
2788,0.4,0.428
2789,2.875,2.6951
2790,0.95,1.121
2791,2.6,2.4016
2792,2.4,2.3187
2793,3.25,3.1362
2794,1.95,1.7999
2795,4.5,4.272
2796,2.718,2.482
2797,3.875,3.2848
2798,3.875,3.285
2799,2.45,2.138
2800,2.45,2.138
2801,2.95,2.628
2802,2.95,2.628
2803,4.25,3.0524
2804,4.25,3.052
2805,3.3,2.9161
2806,3.799,3.263
2807,3.799,3.263
2808,4.625,3.6684
2809,2.7,2.4141
2810,4,3.3396
2811,4,3.34
2812,5.25,4.1779
2813,5.25,4.178
2814,2.75,2.4784
2815,1.125,1.214
2816,2.55,2.2538
2817,0.25,0.399
2818,1.375,1.57
2819,5.125,4.8755
2820,5.125,4.759
2821,2.55,2.548
2822,4.625,4.0746
2823,4.625,4.745
2824,4.625,4.7454
2825,2.3,2.271
2826,0.125,0.313
2827,0.5,0.715
2828,1,1.212
2829,0.5,0.343
2830,1.5,1.5829
2831,2,1.9281
2832,2.85,2.7144
2833,2.25,2.245
2834,4.625,4.2911
2835,4.625,4.291
2836,5.5,5.0506
2837,5.5,5.05
2838,3.5,3.6551
2839,3.5,3.655
2840,1.957,2.3252
2841,1.85,2.2646
2842,1.3,1.9451
2843,1.3,1.984
2844,2.5,3.07
2845,4.75,4.6276
2846,4.75,4.628
2847,4.25,4.3494
2848,4,4.225
2849,4.75,4.1791
2850,4.75,4.179
2851,5.75,5.7145
2852,5.75,5.714
2853,7.375,5.617
2854,7.375,5.6175
2855,5.5,3.7476
2856,1.95,2.194
2857,2.625,2.4756
2858,2.875,2.7613
2859,5.75,4.7992
2860,1.3,1.6268
2861,6,4.4381
2862,6,4.239
2863,2.7,2.3618
2864,4.35,3.1603
2865,2.3,2.8062
2866,5.75,4.7446
2867,5.75,4.745
2868,4.5,4.9958
2869,4.5,4.979
2870,6.75,5.6483
2871,6.75,5.651
2872,1.75,2.3161
2873,4.85,3.2036
2874,3.75,4.1077
2875,3.75,4.108
2876,4.75,3.2868
2877,1.5,2.2145
2878,1.125,1.3538
2879,2.35,2.6976
2880,6,4.5178
2881,6,4.518
2882,1.125,1.754
2883,1.875,2.427
2884,3.25,2.4196
2885,6.5,5.2665
2886,6.5,5.266
2887,1.3,1.7466
2888,4.75,5.0636
2889,4.75,5.064
2890,1.375,1.8895
2891,0.4,0.614
2892,1.05,1.195
2893,2.6,2.828
2894,7.375,5.569
2895,5,4.5626
2896,6.625,4.0725
2897,6.625,4.071
2898,4.375,4.532
2899,4.375,4.532
2900,1.65,2.1726
2901,2.6,2.9912
2902,3.25,3.288
2903,3.25,3.2881
2904,3.75,3.3457
2905,3.75,3.346
2906,6.125,4.7864
2907,6.125,4.786
2908,4.75,3.8133
2909,4.75,3.813
2910,3.625,3.5609
2911,5.625,4.652
2912,5.625,4.652
2913,2.9,2.4601
2914,3.155,3.179
2915,2.65,2.5542
2916,2.65,2.554
2917,0.375,0.721
2918,0.8,1.153
2919,1.5,2.228
2920,1.8,2.3916
2921,1.8,2.392
2922,2.95,3.288
2923,2.95,3.284
2924,1,1.4308
2925,1,1.474
2926,1.25,1.8236
2927,1.25,1.824
2928,1.75,2.3416
2929,5.5,5.1411
2930,5.5,5.141
2931,3.625,3.4862
2932,3.625,3.486
2933,2.1,2.2206
2934,2.1,2.4635
2935,2.25,2.5994
2936,2.5,2.808
2937,1.5,2.0459
2938,3.375,4.0933
2939,3.375,4.093
2940,4.375,2.1995
2941,3.375,4.2006
2942,3.375,4.201
2943,4.75,3.6894
2944,9.875,4.841
2945,3.875,3.6662
2946,3.875,3.666
2947,3.375,4.2908
2948,3.375,4.291
2949,3.5,2.8329
2950,2.3,2.5366
2951,1.25,1.8619
2952,3,3.2809
2953,3,3.281
2954,5,2.6438
2955,3.375,3.4241
2956,3.875,3.482
2957,0.8,1.2168
2958,4.625,3.0022
2959,8,7.6423
2960,8,7.642
2961,2.375,2.7008
2962,2.375,2.701
2963,3.45,1.51
2964,2.8,2.5808
2965,2.8,2.581
2966,4.375,4.0971
2967,4.375,4.097
2968,2.875,2.158
2969,2.875,2.181
2970,2.35,2.7029
2971,3.75,3.139
2972,4.5,2.8746
2973,4.5,2.875
2974,2.3,1.883
2975,2.65,1.624
2976,3,1.7212
2977,3.4,2.602
2978,4.125,4.3922
2979,4.125,4.443
2980,1.8,1.9902
2981,1.95,2.1384
2982,4.375,3.192
2983,4.375,3.192
2984,4.625,2.7176
2985,1.75,1.9265
2986,1.7,1.8665
2987,2.55,2.6283
2988,2.05,0.968
2989,3.25,2.3409
2990,2.8,2.8342
2991,4.2,2.5733
2992,4.95,3.5102
2993,3.625,2.5021
2994,4.65,3.6962
2995,1.95,1.9137
2996,2.8,2.7272
2997,2.3,1.9711
2998,3.25,2.8648
2999,2.25,2.1159
3000,3.125,3.0648
3001,2.75,2.7115
3002,3.125,2.9911
3003,1.85,1.438
3004,2.9,2.5193
3005,2.2,1.6799
3006,2.25,1.6269
3007,2.65,2.3305
3008,6.8,2.2932
3009,3.05,3.0548
3010,3.25,2.8507
3011,2.95,3.0467
3012,3.4,2.6709
3013,2.25,2.2243
3014,3.125,3.0752
3015,4.4,2.0928
3016,3,2.3747
3017,1.75,1.874
3018,2.5,2.6576
3019,2.75,2.905
3020,1.625,1.87
3021,2.1,2.168
3022,2.05,1.9154
3023,2.7,2.6534
3024,2.8,2.8297
3025,2.3,1.9877
3026,2.3,1.988
3027,5.75,3.6111
3028,2.125,2.016
3029,9.625,3.7846
3030,3.45,1.5726
3031,1.75,1.9609
3032,4.1,3.4914
3033,3.2,2.2387
3034,3.8,3.2116
3035,2.6,1.9064
3036,4.25,2.3171
3037,4.7,2.3356
3038,4.35,3.1692
3039,4.6,3.6279
3040,3.5,2.1768
3041,2.875,2.1891
3042,5.95,2.3271
3043,3.625,1.5882
3044,4.125,3.0719
3045,4.25,3.2534
3046,3.5,2.7212
3047,3.75,2.76
3048,2.1,0.102
3049,2.5,0.568
3050,2.5,1.3167
3051,3.25,1.9836
3052,3.3,1.4766
3053,3.5,1.6158
3054,3.6,2.1776
3055,2.75,1.3271
3056,3.25,2.5822
3057,3.1,1.8567
3058,3.5,1.4259
3059,3.625,2.0598
3060,4.25,2.7498
3061,4.25,2.8725
3062,3.75,1.3464
3063,4.6,2.8011
3064,4.95,3.1656
3065,3.375,1.3583
3066,4.497,2.0843
3067,4.45,1.9883
3068,4.625,2.8286
3069,5.25,3.1099
3070,3,1.57
3071,3.55,2.327
3072,3.5,2.6518
3073,3.875,2.915
3074,4.5,4.005
3075,2.25,2.338
3076,5.25,4.3673
3077,2.25,2.1371
3078,2.7,2.1617
3079,6.125,5.7547
3080,6.125,5.754
3081,2.125,1.9965
3082,2.375,2.196
3083,2.375,2.1315
3084,2.75,2.3434
3085,3.3,3.0087
3086,1.125,0.921
3087,0.25,0.16
3088,1.25,1.209
3089,1.5,1.685
3090,1.875,2.168
3091,3.1,3.174
3092,1.2,1.074
3093,4.875,3.5834
3094,4.875,3.583
3095,2.15,1.2
3096,3.95,3.2225
3097,2.95,2.209
3098,6,3.8755
3099,2.9,2.2465
3100,0.75,0.451
3101,1,0.69
3102,6.2,2.4795
3103,6.4,2.5218
3104,5.55,3.3604
3105,2.25,2.755
3106,2.25,2.7359
3107,6.875,7.7201
3108,6.875,7.669
3109,5.45,3.9013
3110,3.9,2.4625
3111,0.625,0.432
3112,6.375,2.555
3113,4.875,2.5865
3114,4.875,2.586
3115,2.532,1.8635
3116,4.75,4.2718
3117,4.75,4.272
3118,2.875,2.7509
3119,2.6,1.946
3120,0.5,0.348
3121,0.875,0.707
3122,1.5,1.393
3123,5.5,3.6529
3124,5.5,3.649
3125,0.75,0.309
3126,1.25,0.73
3127,8.5,4.6397
3128,8.5,4.64
3129,3.25,2.8322
3130,0.875,0.815
3131,1.875,1.976
3132,4.5,3.2505
3133,4.75,3.8092
3134,3.3,2.2093
3135,1.8,1.692
3136,4.75,3.5586
3137,4.75,3.559
3138,2.8,2.1401
3139,2.875,2.1295
3140,3.7,3.1541
3141,2.125,1.75
3142,2.375,1.8641
3143,3.25,2.8723
3144,2.95,2.0999
3145,3.347,2.2742
3146,4.187,3.368
3147,4.15,3.4706
3148,2.25,2.165
3149,2.625,2.003
3150,2.7,1.8177
3151,0.8,0.936
3152,1.45,1.806
3153,2.7,1.971
3154,2.95,2.6961
3155,3.25,3.1871
3156,3.95,3.786
3157,3.9,3.578
3158,2.625,1.7633
3159,3.375,2.8462
3160,3.15,2.1499
3161,2.875,1.8728
3162,3.55,2.8974
3163,3.1,2.0985
3164,1.625,0.856
3165,9.75,4.5323
3166,9.75,4.516
3167,4.185,1.708
3168,4.663,2.5197
3169,3.4,2.237
3170,3.25,2.1316
3171,4,3.1607
3172,5.125,3.3027
3173,3.8,1.5803
3174,4.6,2.2177
3175,4.125,2.3612
3176,5.3,3.831
3177,3.36,2.1
3178,1.3,0.523
3179,3.55,2.0257
3180,4.45,3.1669
3181,5,2.6561
3182,5,2.636
3183,3.6,3.1617
3184,3.9,3.7037
3185,5.375,2.589
3186,5.375,2.589
3187,10.75,11.6885
3188,10.75,11.689
3189,3.95,2.9364
3190,3.95,2.937
3191,3.375,1.7973
3192,4.1,2.0242
3193,3.4,1.7915
3194,4.25,2.8737
3195,4.5,2.562
3196,3.9,2.6297
3197,3.875,2.5761
3198,1.25,0.526
3199,3.9,2.6715
3200,4,1.8446
3201,4.875,2.9745
3202,4,1.9732
3203,4.55,2.9271
3204,4.7,3.1788
3205,3.375,1.7871
3206,3.95,2.7804
3207,3.375,1.8426
3208,8.25,6.2009
3209,8.25,6.199
3210,4.85,3.3554
3211,4.35,1.9924
3212,3.7,1.9621
3213,3.2,2.5623
3214,3.875,2.0682
3215,5.875,2.6482
3216,4.9,2.3128
3217,4.55,2.1432
3218,5.2,3.7962
3219,3.875,1.7807
3220,4.45,2.9834
3221,3.9,1.699
3222,5.15,3.6938
3223,2.125,0.286
3224,2.625,0.598
3225,4.5,2.1375
3226,7.5,4.5215
3227,7.5,4.522
3228,4.25,1.9645
3229,6.25,4.5686
3230,6.25,4.567
3231,1.2,0.118
3232,5.3,3.2109
3233,5.4,3.3992
3234,3.75,2.167
3235,4.95,3.4036
3236,8.75,15.8573
3237,8.75,15.857
3238,4.6,2.8732
3239,4.95,3.185
3240,5,3.3694
3241,4.2,1.9928
3242,1.8,0.252
3243,2.9,1.53
3244,5.95,3.9747
3245,3.6,1.6633
3246,4.2,2.8709
3247,4.2,1.9973
3248,4.45,2.8971
3249,4.45,3.1656
3250,4,1.8417
3251,4.5,3.1533
3252,4.15,2.9427
3253,5.625,1.467
3254,4.75,1.8238
3255,3.95,1.8236
3256,4.4,2.0091
3257,3.95,1.851
3258,3.75,1.6888
3259,5.375,3.6929
3260,4.126,2.8948
3261,4.15,1.9659
3262,3.8,1.7675
3263,4.05,2.9718
3264,4.55,3.2413
3265,3.75,1.6032
3266,3.5,1.9915
3267,3.8,1.783
3268,4.3,3.1182
3269,3.55,1.6914
3270,4,3.1485
3271,4.05,3.3388
3272,5.375,3.993
3273,5.375,4.048
3274,3.8,2.3128
3275,4.75,3.649
3276,4.75,3.6491
3277,4.049,3.2451
3278,5.625,3.458
3279,5.625,3.4582
3280,3.75,2.0554
3281,3.05,1.3035
3282,4.375,3.388
3283,3.4,2.4616
3284,3.5,2.6702
3285,3.15,1.6342
3286,4.375,2.043
3287,3.2,1.6377
3288,1.875,0.459
3289,2.95,1.4793
3290,3.75,2.9503
3291,2.875,1.3795
3292,5.875,2.6396
3293,5.875,2.614
3294,4.26,3.1798
3295,5.875,6.569
3296,2.8,1.3649
3297,3.75,2.895
3298,3,1.5847
3299,3.8,1.8621
3300,3.6,1.5131
3301,3.2,1.6042
3302,4.1,2.903
3303,3.4,1.5614
3304,2.85,1.3025
3305,4,3.1338
3306,3.5,1.715
3307,3.5,1.7146
3308,4.2,2.0343
3309,5.15,3.5561
3310,5.4,3.8912
3311,1.95,0.531
3312,2.875,1.316
3313,5.012,3.3015
3314,5.125,2.831
3315,3.25,1.6644
3316,3,1.1857
3317,2.95,1.2433
3318,3.6,1.5386
3319,4.55,3.2129
3320,3,1.2381
3321,3.15,1.3546
3322,4.1,3.0846
3323,5.25,4.982
3324,5.25,4.9816
3325,3.125,1.4741
3326,4,2.8525
3327,3.25,1.5432
3328,4.35,2.8918
3329,3.7,1.4182
3330,4.125,2.9838
3331,3.5,1.4806
3332,4.45,3.2002
3333,1,0.026
3334,2.95,1.1841
3335,3.75,2.677
3336,3.25,1.3235
3337,4.25,2.8706
3338,5,3.1426
3339,5,3.122
3340,4.1,2.3492
3341,4.25,2.6933
3342,4.5,2.7936
3343,4.45,3.2895
3344,3.2,1.4751
3345,4.4,3.3383
3346,3.799,3.0157
3347,3.45,1.4159
3348,4.2,2.9537
3349,4.55,3.6117
3350,3.5,1.3677
3351,3.2,1.488
3352,4.5,1.627
3353,4,2.4995
3354,2.125,0.4
3355,4.875,3.9621
3356,4.875,3.962
3357,2.65,1.2099
3358,5.5,1.9332
3359,2.45,1.1484
3360,3.75,3.0839
3361,2.375,1.414
3362,2.375,1.4164
3363,2.375,1.1515
3364,3.8,3.0945
3365,2.375,1.0499
3366,2.65,1.3436
3367,5,3.464
3368,5,3.4643
3369,3.2,1.1258
3370,3.5,2.9488
3371,6.5,6.3568
3372,5,2.9041
3373,2.75,1.5457
3374,3.2,2.6489
3375,0.875,0.129
3376,1.15,0.007
3377,4.3,2.8094
3378,1.75,0.324
3379,4.375,2.031
3380,4.625,2.9516
3381,6.875,4.4833
3382,3.55,2.2784
3383,6.75,3.9977
3384,2.25,0.257
3385,5.65,3.6084
3386,4.7,2.7255
3387,4.45,2.6032
3388,3.875,2.7708
3389,4.6,2.7164
3390,3.05,1.307
3391,4.9,3.0882
3392,4.625,2.5058
3393,5.7,3.8131
3394,4.6,2.8684
3395,2.125,0.312
3396,1.875,0.314
3397,4.4,2.7009
3398,4.6,3.0419
3399,4.65,2.4553
3400,4.15,3.0859
3401,4.15,2.9503
3402,1.625,0.211
3403,3.8,2.8342
3404,4.024,2.699
3405,4.7,3.343
3406,4.685,3.1811
3407,2.6,0.654
3408,2.125,0.447
3409,4.8,3.4995
3410,5,3.2784
3411,1.5,-0.038
3412,1.875,-0.124
3413,4.95,3.1676
3414,4.55,2.9626
3415,4.65,3.235
3416,4.2,2.544
3417,4.5,3.5087
3418,4.4,2.9296
3419,5,5.19
3420,4.125,2.9382
3421,4.65,3.4006
3422,4.4,2.8629
3423,4.45,2.8168
3424,4.9,2.9808
3425,5.1,3.361
3426,5.3,3.266
3427,4.375,2.144
3428,4.875,3.4
3429,6.55,3.0391
3430,4.875,2.8881
3431,4.3,2.8626
3432,4.75,3.0374
3433,4.2,2.8673
3434,4.45,2.8759
3435,4.125,3.345
3436,4.25,2.8511
3437,6.875,3.3002
3438,4,2.1835
3439,3.85,3.153
3440,4.35,3.3182
3441,4.1,3.1089
3442,4,1.723
3443,4.65,3.1402
3444,3.9,2.827
3445,3.875,3.3249
3446,4.25,3.9827
3447,4,3.1772
3448,3.75,3.2633
3449,5.25,3.241
3450,4.625,3.1063
3451,5,3.4861
3452,4.875,3.1594
3453,4,2.7702
3454,5.65,3.0956
3455,4.375,3.3164
3456,5.25,3.2289
3457,4.8,2.9077
3458,5.2,2.8252
3459,5.75,2.608
3460,5.6,3.145
3461,5.35,3.457
3462,5.95,2.9131
3463,5.5,1.742
3464,5.75,2.8911
3465,6.75,3.8103
3466,5.7,3.0503
3467,6.25,3.215
3468,7.125,3.3449
3469,6.125,3.0297
3470,6.2,2.5502
3471,6.3,3.0201
3472,6.875,2.788
3473,6.3,3.0002
3474,6.5,2.5451
3475,5.95,2.5181
3476,5.5,1.613
3477,6.875,3.1523
3478,5.8,2.5753
3479,7.5,3.5843
3480,4.125,1.354
3481,5.65,2.6925
3482,6.5,2.4229
3483,7.05,2.518
3484,7.875,2.6092
3485,7.375,2.4031
3486,8.375,3.4007
3487,2.25,2.308
3488,3.5,3.6781
3489,3.95,4.133
3490,4.625,4.6233
3491,1.5,1.567
3492,1.8,1.865
3493,2.65,2.667
3494,2.355,2.446
3495,2.355,2.446
3496,2.55,2.7016
3497,3.5,3.575
3498,3.55,3.635
3499,3.65,3.6649
3500,3.8,3.6842
3501,5.125,5.4878
3502,4.75,4.7197
3503,4.75,4.72
3504,2,2.2322
3505,2.8,2.7898
3506,2.887,3.07
3507,2.887,3.07
3508,2.937,3.156
3509,2.937,3.176
3510,2.987,3.246
3511,2.987,3.246
3512,4.25,4.369
3513,4.25,4.3693
3514,1.75,2.0152
3515,3.875,4.1538
3516,3.875,4.154
3517,3.4,3.525
3518,3.4,3.525
3519,2.625,2.7564
3520,2,2.0602
3521,3.05,3.0409
3522,4.5,4.278
3523,4.5,4.4122
3524,1.65,1.9117
3525,2,2.4127
3526,2.8,3.0404
3527,3,3.202
3528,1.4,1.6097
3529,2.7,2.8539
3530,2.85,2.965
3531,2.2,2.4907
3532,4,3.845
3533,1.95,1.9816
3534,2.7,2.7417
3535,2.9,2.9075
3536,3.05,2.9886
3537,2.45,2.3676
3538,3.5,3.5325
3539,4,3.7101
3540,4,3.859
3541,1.55,1.6142
3542,2,2.0667
3543,4,3.7472
3544,4.4,4.1257
3545,4.25,3.8345
3546,4.25,3.835
3547,3.468,3.1779
3548,3.468,3.161
3549,2.05,1.8872
3550,2.55,2.5109
3551,3,3.2618
3552,3.3,3.4721
3553,3.75,1.8055
3554,3.875,2.4792
3555,4.375,3.3418
3556,4.5,3.575
3557,1,1.014
3558,6.125,6.513
3559,6.125,6.552
3560,2.3,2.1113
3561,3.05,2.7976
3562,3.25,2.9494
3563,4.625,4.7566
3564,4.625,4.757
3565,1.832,1.8171
3566,1.832,1.81
3567,2.3,2.4278
3568,2.3,2.402
3569,4.5,4.703
3570,4.5,4.7033
3571,1.65,1.5132
3572,2.1,1.9678
3573,2.875,2.6752
3574,3.1,2.8468
3575,3.25,2.9571
3576,4.5,4.0927
3577,2.25,2.1083
3578,1.68,2.338
3579,2.987,3.3076
3580,4.5,4.2723
3581,2.875,2.527
3582,2.875,2.5014
3583,4.125,3.6448
3584,4.125,3.645
3585,5.125,4.3419
3586,5.125,4.323
3587,4.625,4.1084
3588,4.625,4.111
3589,5.125,4.4467
3590,5.125,4.386
3591,3.419,3.0952
3592,3.419,3.083
3593,3.469,3.108
3594,3.469,3.108
3595,2.625,2.3236
3596,5.5,5.175
3597,2.3,1.8824
3598,2.875,2.509
3599,3.65,3.3663
3600,3.95,3.6157
3601,4.1,3.7693
3602,3.375,2.434
3603,3.5,2.7196
3604,0.375,0.468
3605,0.75,0.842
3606,2.1,1.8454
3607,2.55,2.3847
3608,3.4,3.107
3609,3.55,3.2295
3610,3.7,3.4334
3611,3.6,3.1036
3612,2.921,2.7159
3613,3.041,2.8236
3614,4.5,4.6422
3615,4.5,4.531
3616,3,2.8064
3617,3.5,3.6338
3618,3.9,3.921
3619,2.25,2.3537
3620,2.5,2.7437
3621,5.75,5.026
3622,4.75,3.9616
3623,4.75,3.962
3624,7.75,5.5247
3625,7.75,5.525
3626,1.8,2.369
3627,1.8,2.35
3628,2.8,3.211
3629,2.8,3.193
3630,1.2,1.5252
3631,1.65,1.941
3632,2.375,2.6339
3633,2.65,2.816
3634,2.8,2.982
3635,2.45,2.9045
3636,3.4,3.7613
3637,3.7,4.0319
3638,6.875,6.7762
3639,6.875,6.744
3640,3.875,2.0684
3641,4.25,2.7454
3642,4.875,3.7287
3643,2.45,2.8246
3644,2.45,2.818
3645,2.6,2.9438
3646,2.6,2.944
3647,3.5,3.5938
3648,3.5,3.569
3649,3.75,3.7481
3650,3.75,3.75
3651,1.375,1.9755
3652,2.375,2.8416
3653,1.65,2.205
3654,5.625,4.3084
3655,5.625,4.308
3656,1.875,2.3327
3657,3.875,3.9145
3658,3.875,3.914
3659,2.493,1.6174
3660,2.722,2.2449
3661,3.377,3.0116
3662,3.577,3.2133
3663,3.5,1.5066
3664,3.85,4.059
3665,5,3.9137
3666,5,3.915
3667,1.75,2.3429
3668,2.65,3.088
3669,2.875,3.245
3670,3,3.365
3671,2.95,1.5163
3672,3.2,2.1098
3673,4.05,2.9604
3674,4.55,2.685
3675,4.25,3.2047
3676,1.45,1.9832
3677,2.55,2.8446
3678,3.625,2.6988
3679,5.75,7.0701
3680,5.75,7.07
3681,1.2,1.7934
3682,3.3,3.472
3683,1.7,2.2215
3684,3,3.1432
3685,5.875,4.1599
3686,5.875,4.16
3687,3,2.6944
3688,2.8,3.079
3689,0.125,0.312
3690,1,1.553
3691,1.375,1.9595
3692,2.5,2.7996
3693,6.125,4.8004
3694,6.125,4.8
3695,1,1.443
3696,2.565,2.2348
3697,2.625,3.0405
3698,3.5,3.6545
3699,3.6,3.2724
3700,1.5,2.1386
3701,2.45,3.048
3702,2.65,3.18
3703,0.95,1.2915
3704,1.3,1.7399
3705,2.45,2.737
3706,1.3,1.6619
3707,1.75,2.3065
3708,2.7,2.9937
3709,1.25,1.9073
3710,2.4,2.7893
3711,2.55,2.933
3712,2.875,3.1516
3713,1.75,2.4166
3714,4.11,2.2757
3715,4.15,2.7623
3716,4.3,3.0628
3717,4.75,2.5216
3718,3.75,4.1395
3719,3.75,4.14
3720,1.4,2.1819
3721,2.5,3.1887
3722,1.1,1.7802
3723,1.9,2.5948
3724,2.05,2.6902
3725,2.25,2.761
3726,1.65,1.858
3727,2.25,2.58
3728,3.1,3.3527
3729,3.3,3.525
3730,3.5,3.7237
3731,4.25,4.036
3732,4.625,3.2
3733,4.625,3.2002
3734,4.125,2.7297
3735,4.25,2.975
3736,4.35,2.915
3737,4.55,2.9699
3738,5,2.965
3739,3.4,1.886
3740,3.9,1.6276
3741,4.25,4.0358
3742,4.25,4.036
3743,1.45,1.8628
3744,2.45,2.7854
3745,2.7,2.5728
3746,2.7,2.573
3747,3.85,3.3155
3748,3.85,3.316
3749,4,3.6177
3750,4,3.621
3751,5.5,4.496
3752,6.625,3.264
3753,6.625,3.332
3754,4.625,5.5026
3755,4.625,5.503
3756,7.25,3.008
3757,7.25,3.008
3758,4.125,4.039
3759,4.125,4.0387
3760,4.625,4.1682
3761,4.625,4.168
3762,5.125,1.8732
3763,1.2,1.2489
3764,1.5,1.8635
3765,2.5,2.826
3766,2.7,2.952
3767,2.525,2.696
3768,2.675,2.795
3769,3.839,3.1669
3770,1.95,2.1409
3771,2.8,3.0736
3772,2.7,2.735
3773,2.3,1.6523
3774,2.75,2.4565
3775,3.5,3.3746
3776,3.65,3.563
3777,3.85,3.735
3778,1.6,0.463
3779,6.5,3.2763
3780,6.5,3.276
3781,2.65,2.2196
3782,2,2.0109
3783,2.9,2.9127
3784,1.3,0.959
3785,2.65,2.1035
3786,3.5,2.7741
3787,3.6,2.9894
3788,3.8,3.0906
3789,1.65,1.8765
3790,2.65,2.8217
3791,3.375,2.7902
3792,4.25,2.1718
3793,4.625,2.4578
3794,2.15,1.9632
3795,1.7,1.423
3796,1.95,2.1169
3797,2.55,2.2228
3798,3.5,3.1551
3799,2.3,2.33
3800,0.5,0.153
3801,3.25,2.4701
3802,2.25,2.7177
3803,5.04,2.1094
3804,5.15,2.7979
3805,5.705,3.5837
3806,5.805,3.7975
3807,5.93,3.9967
3808,1.45,1.312
3809,1.65,1.9665
3810,2.6,2.825
3811,2.25,2.37
3812,3.15,3.3735
3813,3.625,2.1646
3814,4.35,3.2662
3815,1.375,1.2557
3816,1.6,1.8922
3817,2.8,2.7474
3818,3.7,3.8679
3819,4.625,2.1127
3820,2.75,2.1032
3821,3.25,2.8165
3822,5.25,3.4594
3823,3.5,2.2434
3824,4.5,3.3887
3825,4.709,2.1634
3826,5.476,3.3143
3827,5.576,3.5816
3828,6.6,3.3966
3829,2.8,1.6539
3830,2.95,2.3188
3831,3.6,3.3496
3832,3.6,3.5546
3833,3.85,3.7414
3834,4.95,2.4849
3835,3.75,2.2681
3836,2.85,1.9302
3837,3.5,2.8996
3838,2.7,1.9533
3839,3.3,2.7035
3840,3.35,2.866
3841,3.4,2.1012
3842,3.75,2.9114
3843,3.25,2.7661
3844,2.85,1.8818
3845,3.375,2.7694
3846,2.625,1.9145
3847,4.5,2.244
3848,3.9,1.9196
3849,4.75,3.0948
3850,3.45,1.9497
3851,3,1.8336
3852,5.3,2.9291
3853,3.8,1.983
3854,4.7,3.0142
3855,3.15,2.2012
3856,4,3.305
3857,2.75,1.9053
3858,3.625,2.8073
3859,4,4.103
3860,4,4.1035
3861,4,2.562
3862,3.5,2.7129
3863,4.625,4.4467
3864,4.625,4.447
3865,0.5,0.324
3866,2.2,1.5434
3867,2.45,2.2032
3868,3.15,3.0364
3869,3.375,3.2096
3870,0.75,0.666
3871,4.5,4.0048
3872,4.5,4.005
3873,0.3,0.248
3874,0.65,0.661
3875,2.3,1.8525
3876,3.25,2.9539
3877,6.25,5.2784
3878,6.25,5.278
3879,4,3.3657
3880,4,3.365
3881,3.125,2.9089
3882,4.75,3.935
3883,5.125,3.947
3884,5.125,3.947
3885,4.25,1.582
3886,6.65,2.8275
3887,4.625,3.4147
3888,4.625,3.414
3889,2.45,1.8369
3890,3.25,3.0587
3891,0.5,0.34
3892,1.7,1.253
3893,2.65,2.0661
3894,3.25,2.8522
3895,3.45,3.1428
3896,4.625,1.17
3897,3.625,1.2
3898,4.8,4.0802
3899,4.75,3.9819
3900,4.75,3.935
3901,1.875,1.708
3902,2.65,1.2281
3903,2.85,1.9524
3904,7.5,3.4792
3905,7.5,3.479
3906,4.016,2.1588
3907,2.2,1.7697
3908,2.95,2.8618
3909,0.8,0.698
3910,2,1.8586
3911,2.75,2.9256
3912,5.125,3.0694
3913,5.125,3.065
3914,3.25,2.145
3915,3.2,2.3563
3916,3.625,3.1212
3917,3.75,3.6248
3918,3.5,2.7749
3919,3.7,2.9342
3920,3.875,3.0559
3921,5.75,5.5574
3922,5.75,5.463
3923,5.125,4.0584
3924,5.5,2.7905
3925,5.5,2.782
3926,3.5,2.1949
3927,4.4,3.305
3928,2.95,1.7984
3929,4.125,2.3568
3930,5.25,3.6529
3931,5.5,3.287
3932,5.5,3.287
3933,4.597,1.9195
3934,5.375,3.139
3935,1.5,0.357
3936,2,0.719
3937,4.7,2.8632
3938,4.9,3.4157
3939,3.5,1.9917
3940,4.15,2.8445
3941,4.25,3.079
3942,8.375,4.0667
3943,3.875,1.172
3944,3.875,1.1933
3945,5.875,2.4969
3946,0.875,0.218
3947,1.25,0.56
3948,3.65,2.0868
3949,7.5,6.8853
3950,7.5,6.885
3951,5.5,2.3013
3952,5.5,2.25
3953,3.45,1.7695
3954,4,2.8709
3955,3.4,1.7587
3956,4,2.9022
3957,4.35,2.153
3958,2.2,0.746
3959,3.125,1.472
3960,4.8,2.4899
3961,5.8,3.943
3962,5.95,4.2544
3963,6.25,3.7085
3964,6.25,3.696
3965,6.5,4.1338
3966,6.5,4.134
3967,1.25,0.125
3968,1.75,0.526
3969,4.75,1.999
3970,5.45,3.1929
3971,5.55,3.4725
3972,5.8,3.7089
3973,5.05,2.4578
3974,4.5,2.9446
3975,2.35,0.6104
3976,4.725,1.9932
3977,5.319,3.0587
3978,5.419,3.2963
3979,4.1,1.8607
3980,4.3,2.2872
3981,9.75,3.6105
3982,9.75,3.588
3983,4.875,2.3785
3984,8,2.0196
3985,8,2.02
3986,4.329,2.0406
3987,4.85,2.0996
3988,4.15,1.7741
3989,4.25,2.1862
3990,4.7,3.1348
3991,5.1,3.294
3992,3.625,1.7143
3993,3.625,1.714
3994,3.9,2.5623
3995,3.9,2.562
3996,4,2.795
3997,4,2.795
3998,4.25,2.0075
3999,4.875,3.3047
4000,4,2.9254
4001,4.95,2.4541
4002,5.625,2.4421
4003,4.125,1.9569
4004,4.625,3.1109
4005,3.7,1.5514
4006,4.05,2.6928
4007,3.85,1.7642
4008,4.25,2.9739
4009,3.734,3.0659
4010,3.15,1.3435
4011,3.875,2.499
4012,4.05,2.9087
4013,4.25,3.0118
4014,8.5,4.8057
4015,8.5,4.806
4016,4.15,2.8113
4017,4.2,2.0189
4018,5.75,4.0753
4019,4.2,1.8598
4020,3.7,1.6061
4021,4,1.8157
4022,4.375,3.0846
4023,4.6,3.469
4024,4.75,3.6054
4025,4.3,1.9761
4026,4.78,3.0421
4027,5.05,3.3322
4028,4.101,1.8123
4029,3.875,1.7834
4030,3.9,2.8189
4031,4.75,1.8158
4032,5,4.294
4033,5,4.2941
4034,2.735,2.189
4035,2.735,2.1885
4036,3.969,3.1425
4037,3.999,3.1379
4038,4.2,2.1403
4039,5.375,4.1025
4040,3.65,1.6692
4041,4.375,3.2332
4042,3.75,2.8121
4043,3,1.4448
4044,3.75,2.8668
4045,2.9,1.4931
4046,3.25,1.7531
4047,3.8,3.1977
4048,4,3.623
4049,4.09,2.9541
4050,5.35,5.0957
4051,1.375,0.118
4052,2.875,1.349
4053,3.375,2.372
4054,3.25,1.8095
4055,4.03,3.0343
4056,3,1.2635
4057,3.95,2.0827
4058,5.2,3.7347
4059,2.9,1.3525
4060,4.439,3.4685
4061,3.9,1.766
4062,4.875,2.2723
4063,4.5,2.6562
4064,5,3.045
4065,5,3.0448
4066,3.15,1.6564
4067,4.812,3.066
4068,5,2.745
4069,5,2.7519
4070,5.5,3.6783
4071,3.15,1.522
4072,3.41,1.6857
4073,3.7,1.6252
4074,4.669,3.2563
4075,3.9,2.9315
4076,3.55,1.511
4077,3.25,1.3903
4078,4.3,2.9216
4079,1.375,0.143
4080,1.5,0.351
4081,1.5,0.633
4082,2.125,1.469
4083,3.625,0.843
4084,3.45,1.5749
4085,4.5,3.2246
4086,3.2,1.3735
4087,3.1,1.4715
4088,4.05,3.2135
4089,3.3,1.3235
4090,4.125,1.5463
4091,5.25,2.8761
4092,3.625,2.4204
4093,5.75,3.4355
4094,5.75,3.415
4095,3.35,1.2863
4096,4.25,1.5689
4097,5.25,3.2194
4098,5.125,2.3296
4099,5.125,2.5
4100,3.3,1.1812
4101,4.563,3.1925
4102,4.663,3.2488
4103,3.3,1.4253
4104,6.35,4.0652
4105,4.5,3.6057
4106,4.95,3.3164
4107,4.346,2.9628
4108,5.291,4.5605
4109,6.384,3.4615
4110,6.484,4.0925
4111,3.75,1.2141
4112,4.75,2.52
4113,4.9,2.8446
4114,3,1.1124
4115,4.125,2.8759
4116,1.375,0.324
4117,2.5,1.1688
4118,3.45,2.849
4119,5.5,3.9477
4120,5.5,3.955
4121,2.5,1.0055
4122,2.95,1.4662
4123,4.15,3.18
4124,2.95,1.2942
4125,3.875,4.0055
4126,4.375,3.5288
4127,5.2,3.6014
4128,4.5,1.7534
4129,3.45,2.2523
4130,3.7,2.6666
4131,3.85,2.8614
4132,4.125,3.265
4133,2.35,1.3493
4134,3.4,3.0499
4135,3.85,3.121
4136,4,3.6189
4137,4.2,3.566
4138,2.25,0.814
4139,1.65,0.609
4140,4.1,3.0882
4141,4.45,3.1996
4142,3.945,2.7574
4143,3.7,3.1348
4144,1.625,0.203
4145,4.55,3.3679
4146,3.7,2.7245
4147,4.5,2.3931
4148,4.65,2.8719
4149,6.6,3.4378
4150,3.446,13.9867
4151,4.875,3.2013
4152,4.7,2.8821
4153,4.75,3.3844
4154,4.45,2.8954
4155,2,0.04
4156,5.2,3.2379
4157,4.75,3.1758
4158,4.625,2.8178
4159,4.375,2.368
4160,4.272,2.787
4161,4.522,3.2881
4162,4.672,3.375
4163,4.75,2.9177
4164,5.125,3.2669
4165,5.85,4.3928
4166,4.25,2.9489
4167,4.8,2.9358
4168,4.5,2.7532
4169,4.7,3.2741
4170,4.375,2.8567
4171,3.9,2.9792
4172,4.125,3.6131
4173,4.375,3.7225
4174,4.5,2.9621
4175,4.75,3.5589
4176,4.4,3.1991
4177,5.875,3.7184
4178,4.862,3.2661
4179,5.012,3.345
4180,1.125,0.015
4181,1.625,0.838
4182,2.45,1.382
4183,1.8,0.176
4184,3.5,2.1597
4185,3.7,2.8584
4186,3.45,2.7862
4187,4.8,2.2962
4188,4.95,2.8649
4189,2.625,0.782
4190,4.5,3.2115
4191,5.2,3.7781
4192,1.625,-0.1
4193,4.25,3.3348
4194,4.4,2.7287
4195,1.875,-0.094
4196,6.25,3.8693
4197,4.3,2.9557
4198,4.8,3.1625
4199,3.125,-0.067
4200,5.375,4.1433
4201,4.7,2.9347
4202,5.45,3.8563
4203,5.85,3.4528
4204,4.4,3.1041
4205,4.375,3.4242
4206,4.3,3.4724
4207,4.35,3.5491
4208,4.07,2.8527
4209,4.15,2.8182
4210,4.25,2.898
4211,3.85,2.795
4212,4.25,2.4581
4213,5,3.4166
4214,4.75,4.4262
4215,3.55,1.054
4216,3.803,2.7378
4217,4.375,3.168
4218,5.25,3.7142
4219,4.5,3.8923
4220,4,2.6011
4221,4,2.9719
4222,3.9,2.7051
4223,4.5,3.0046
4224,4.875,2.922
4225,5.375,3.5068
4226,6,3.8665
4227,5.5,3.8792
4228,8.2,3.3331
4229,5.875,3.8492
4230,5.5,2.711
4231,4.875,0.322
4232,6.125,3.4567
4233,6.75,3.8325
4234,7,2.866
4235,5.625,1.742
4236,7.2,2.77
4237,7,2.5771
4238,7,2.577
4239,5.9,2.6818
4240,6.875,3.224
4241,7.3,3.8107
4242,6.375,3.2086
4243,6.5,3.4002
4244,6.2,2.7157
4245,5.875,3.0675
4246,6.55,3.6814
4247,4.875,-0.003
4248,5.95,2.6982
4249,5.875,2.5966
4250,7.995,7.2117
4251,5.25,2.1005
4252,5.25,1.819
4253,6.75,2.699
4254,7.45,3.7418
